{
    "nodes": [
        {
            "centralidad": 0.0, 
            "name": "secgen", 
            "img": "undefined"
        }, 
        {
            "centralidad": 0.0, 
            "name": "pippo_Inzaghi9", 
            "img": "http://pbs.twimg.com/profile_images/378800000579483484/98798aeb6f1aeab172d006e8edb39b7f_normal.jpeg"
        }, 
        {
            "centralidad": 3.6998668047950272e-05, 
            "name": "UKLPSL", 
            "img": "http://pbs.twimg.com/profile_images/1107884941/BlueLotusFlower_normal.jpg"
        }, 
        {
            "centralidad": 0.0, 
            "name": "JohnKerry", 
            "img": "undefined"
        }, 
        {
            "centralidad": 0.0, 
            "name": "Daneel1976", 
            "img": "http://pbs.twimg.com/profile_images/3675142884/f80e10734bf858e80b733b9ce91e09ac_normal.jpeg"
        }, 
        {
            "centralidad": 0.0, 
            "name": "yetiblog", 
            "img": "http://pbs.twimg.com/profile_images/1849973486/yetilogo_normal.jpg"
        }, 
        {
            "centralidad": 0.0, 
            "name": "LourdesV13", 
            "img": "http://pbs.twimg.com/profile_images/427140179929743361/oFoaYKFJ_normal.jpeg"
        }, 
        {
            "centralidad": 0.0, 
            "name": "Juanshot_", 
            "img": "http://pbs.twimg.com/profile_images/433007096142237696/0wXD3uOV_normal.jpeg"
        }, 
        {
            "centralidad": 0.0, 
            "name": "cashkurs", 
            "img": "undefined"
        }, 
        {
            "centralidad": 0.0, 
            "name": "gensysarm", 
            "img": "http://abs.twimg.com/sticky/default_profile_images/default_profile_6_normal.png"
        }, 
        {
            "centralidad": 0.0, 
            "name": "MoscowTimes", 
            "img": "undefined"
        }, 
        {
            "centralidad": 0.0, 
            "name": "GoldenTalon", 
            "img": "http://pbs.twimg.com/profile_images/424705004/Jinho_headshot_normal.jpg"
        }, 
        {
            "centralidad": 0.0, 
            "name": "iamFREEMANOH", 
            "img": "http://pbs.twimg.com/profile_images/419910938133676032/TjbZFjBv_normal.jpeg"
        }, 
        {
            "centralidad": 0.0, 
            "name": "Europarl_EN", 
            "img": "undefined"
        }, 
        {
            "centralidad": 0.00022199200828770165, 
            "name": "BarrosoEU", 
            "img": "http://pbs.twimg.com/profile_images/3113059588/1545177f01f391b31c345a32ad0f03cc_normal.jpeg"
        }, 
        {
            "centralidad": 0.0, 
            "name": "ppenzini", 
            "img": "http://pbs.twimg.com/profile_images/443691435716784128/4RUdEBPN_normal.jpeg"
        }, 
        {
            "centralidad": 0.0, 
            "name": "Davincii_lee", 
            "img": "http://pbs.twimg.com/profile_images/423948331661135873/pTNmXhv9_normal.jpeg"
        }, 
        {
            "centralidad": 0.0, 
            "name": "nababsg", 
            "img": "http://pbs.twimg.com/profile_images/440748152313094144/br0qquMB_normal.jpeg"
        }, 
        {
            "centralidad": 0.0, 
            "name": "MDaisy8", 
            "img": "undefined"
        }, 
        {
            "centralidad": 0.0, 
            "name": "Dinesco", 
            "img": "http://pbs.twimg.com/profile_images/428595675274551296/6TtSr9ui_normal.jpeg"
        }, 
        {
            "centralidad": 0.00077697202900695571, 
            "name": "indignadosvene2", 
            "img": "http://pbs.twimg.com/profile_images/441091903946493952/S2FjzW4D_normal.jpeg"
        }, 
        {
            "centralidad": 0.0, 
            "name": "RegSprecher", 
            "img": "undefined"
        }, 
        {
            "centralidad": 0.0, 
            "name": "Humankonzept", 
            "img": "http://pbs.twimg.com/profile_images/378800000418306186/1b88702bbdb3daf6edab36baf76baaf0_normal.jpeg"
        }, 
        {
            "centralidad": 0.0, 
            "name": "asya_lugovska", 
            "img": "http://pbs.twimg.com/profile_images/2743028064/821ff473de442e13d9722ccb2c08088e_normal.jpeg"
        }, 
        {
            "centralidad": 0.0, 
            "name": "SimondForbes", 
            "img": "http://pbs.twimg.com/profile_images/435080174908874753/5DhU43nV_normal.jpeg"
        }, 
        {
            "centralidad": 0.0, 
            "name": "Syriz_", 
            "img": "http://pbs.twimg.com/profile_images/420435324196491264/zFGrksuW_normal.jpeg"
        }, 
        {
            "centralidad": 0.00092496670119875677, 
            "name": "myroslavapetsa", 
            "img": "http://pbs.twimg.com/profile_images/1538955842/ukr_pravda_normal.jpg"
        }, 
        {
            "centralidad": 0.0, 
            "name": "AIex37", 
            "img": "http://pbs.twimg.com/profile_images/442811943221735424/zg5w-3NK_normal.jpeg"
        }, 
        {
            "centralidad": 0.0, 
            "name": "anti_maydan", 
            "img": "http://pbs.twimg.com/profile_images/438406773993504768/f09baz4P_normal.jpeg"
        }, 
        {
            "centralidad": 0.0, 
            "name": "vitalys", 
            "img": "http://pbs.twimg.com/profile_images/87013187/wit-pirat_normal.jpg"
        }, 
        {
            "centralidad": 0.0, 
            "name": "JUmpIN11", 
            "img": "undefined"
        }, 
        {
            "centralidad": 0.0, 
            "name": "SWajAli", 
            "img": "http://pbs.twimg.com/profile_images/424988900528906240/Yt8rnfaM_normal.jpeg"
        }, 
        {
            "centralidad": 0.0, 
            "name": "LorLiga", 
            "img": "http://pbs.twimg.com/profile_images/378800000067950890/9dc887529e5e9f91c0a126d174b63357_normal.jpeg"
        }, 
        {
            "centralidad": 0.0, 
            "name": "Dim_Serebro", 
            "img": "http://pbs.twimg.com/profile_images/439745300022820864/l8Oo-JoG_normal.jpeg"
        }, 
        {
            "centralidad": 0.0016649400621577622, 
            "name": "EastOfBrussels", 
            "img": "http://pbs.twimg.com/profile_images/378800000778932274/13077d53862e3eb0bdd4e9f12eaa5147_normal.jpeg"
        }, 
        {
            "centralidad": 0.0, 
            "name": "1StateoftheCity", 
            "img": "http://pbs.twimg.com/profile_images/2419210475/0lykmiwdimsjbl0l5dms_normal.jpeg"
        }, 
        {
            "centralidad": 0.00022199200828770165, 
            "name": "rhabarbeer", 
            "img": "http://pbs.twimg.com/profile_images/1853006389/foto2_normal.jpg"
        }, 
        {
            "centralidad": 0.0, 
            "name": "gregorianab", 
            "img": "http://abs.twimg.com/sticky/default_profile_images/default_profile_5_normal.png"
        }, 
        {
            "centralidad": 0.0, 
            "name": "sarajlija1971", 
            "img": "http://pbs.twimg.com/profile_images/432973932925157377/S4Z0n1wR_normal.png"
        }, 
        {
            "centralidad": 0.0, 
            "name": "BUSINESSricardo", 
            "img": "http://pbs.twimg.com/profile_images/431295543952687104/-orzzNUL_normal.jpeg"
        }, 
        {
            "centralidad": 0.0, 
            "name": "SBSNews", 
            "img": "undefined"
        }, 
        {
            "centralidad": 0.0, 
            "name": "flykiddy", 
            "img": "http://pbs.twimg.com/profile_images/443061171839827968/BL_vjuQw_normal.jpeg"
        }, 
        {
            "centralidad": 0.0, 
            "name": "kennyhage", 
            "img": "http://abs.twimg.com/sticky/default_profile_images/default_profile_3_normal.png"
        }, 
        {
            "centralidad": 0.0, 
            "name": "johhny_cute", 
            "img": "http://pbs.twimg.com/profile_images/2648172409/7e3f06663c54c573400e3618231f90f4_normal.jpeg"
        }, 
        {
            "centralidad": 0.0, 
            "name": "nataliya_myshko", 
            "img": "http://pbs.twimg.com/profile_images/428918108183474178/8e39P8bK_normal.jpeg"
        }, 
        {
            "centralidad": 0.0, 
            "name": "AnDabrowski", 
            "img": "http://pbs.twimg.com/profile_images/430655885518856192/6vrh3Qgm_normal.jpeg"
        }, 
        {
            "centralidad": 0.0, 
            "name": "tnr", 
            "img": "undefined"
        }, 
        {
            "centralidad": 0.00022199200828770165, 
            "name": "UkraineReview", 
            "img": "http://pbs.twimg.com/profile_images/443107686490832897/yfMigOSI_normal.jpeg"
        }, 
        {
            "centralidad": 0.0012209560455823589, 
            "name": "MilaU5", 
            "img": "http://pbs.twimg.com/profile_images/378800000145659865/ee178b4afec95125c1dc16771e002fa4_normal.jpeg"
        }, 
        {
            "centralidad": 0.0, 
            "name": "lanshy", 
            "img": "http://pbs.twimg.com/profile_images/3297686357/615d82d271a4e69939d7c57030fac38c_normal.jpeg"
        }, 
        {
            "centralidad": 0.0, 
            "name": "EP_ForeignAff", 
            "img": "http://pbs.twimg.com/profile_images/3318773042/a22bd846c1057c55cf6342f76ca08d7d_normal.jpeg"
        }, 
        {
            "centralidad": 0.0, 
            "name": "yuakira1", 
            "img": "undefined"
        }, 
        {
            "centralidad": 0.0, 
            "name": "_ajit8", 
            "img": "http://pbs.twimg.com/profile_images/1606067016/b9cbee78-cad5-4438-8c9e-b4681476301e_normal.png"
        }, 
        {
            "centralidad": 0.0, 
            "name": "lindseyhilsum", 
            "img": "undefined"
        }, 
        {
            "centralidad": 0.0, 
            "name": "iwakamiyasumi", 
            "img": "http://pbs.twimg.com/profile_images/2319000659/5sj6czy7ifq3a6hijkxn_normal.jpeg"
        }, 
        {
            "centralidad": 0.0, 
            "name": "justice_lounge", 
            "img": "http://pbs.twimg.com/profile_images/3276020893/acaf6e86f76868868eed413fc3c13d26_normal.jpeg"
        }, 
        {
            "centralidad": 0.0, 
            "name": "JackRusselBitch", 
            "img": "http://pbs.twimg.com/profile_images/1606064811/0e5784b1-db29-46d8-a5d7-a9aac3103e90_normal.png"
        }, 
        {
            "centralidad": 3.6998668047950272e-05, 
            "name": "olgatokariuk", 
            "img": "http://pbs.twimg.com/profile_images/438641937693044736/UW6Kw0Wg_normal.jpeg"
        }, 
        {
            "centralidad": 0.0, 
            "name": "DavidPi992000", 
            "img": "http://abs.twimg.com/sticky/default_profile_images/default_profile_5_normal.png"
        }, 
        {
            "centralidad": 0.0, 
            "name": "don_chubby", 
            "img": "http://pbs.twimg.com/profile_images/3256635671/84624a4685fb96f1069cd6cbccd6b437_normal.jpeg"
        }, 
        {
            "centralidad": 0.0, 
            "name": "rtl_aktuell", 
            "img": "undefined"
        }, 
        {
            "centralidad": 0.0, 
            "name": "Chocol8ty", 
            "img": "http://pbs.twimg.com/profile_images/378800000856446088/B5AP3idt_normal.jpeg"
        }, 
        {
            "centralidad": 0.0, 
            "name": "ShopRiteAbuja", 
            "img": "http://pbs.twimg.com/profile_images/3108933232/736c968efdec2876a55c121e2fab0d88_normal.jpeg"
        }, 
        {
            "centralidad": 0.0, 
            "name": "ThPlayersLounge", 
            "img": "undefined"
        }, 
        {
            "centralidad": 0.0, 
            "name": "quiron1960", 
            "img": "http://pbs.twimg.com/profile_images/637050557/43785887_normal.jpg"
        }, 
        {
            "centralidad": 0.0, 
            "name": "raphlavoie", 
            "img": "http://pbs.twimg.com/profile_images/1932573747/IMGP3595_normal.jpg"
        }, 
        {
            "centralidad": 0.0, 
            "name": "erickdeschenes", 
            "img": "http://pbs.twimg.com/profile_images/378800000679452750/14f6362f3ebc22cf5b3c93fd57e2a69f_normal.jpeg"
        }, 
        {
            "centralidad": 0.0, 
            "name": "ergioval", 
            "img": "http://pbs.twimg.com/profile_images/378800000633516509/30a18530e07baa64ceca795be31b72f0_normal.jpeg"
        }, 
        {
            "centralidad": 0.0, 
            "name": "Kasparov63", 
            "img": "http://pbs.twimg.com/profile_images/1721487055/twitter-icon_normal.jpg"
        }, 
        {
            "centralidad": 0.0, 
            "name": "newsdispenser", 
            "img": "http://pbs.twimg.com/profile_images/2668783953/f8b01522904c8e501920fa115eca8ee2_normal.jpeg"
        }, 
        {
            "centralidad": 0.0, 
            "name": "OHwinsAgain", 
            "img": "http://pbs.twimg.com/profile_images/422718981544243200/oFbvAJtY_normal.jpeg"
        }, 
        {
            "centralidad": 0.00011099600414385082, 
            "name": "JournaldeLevis", 
            "img": "http://pbs.twimg.com/profile_images/378800000859996767/--rAe8sf_normal.jpeg"
        }, 
        {
            "centralidad": 0.0, 
            "name": "CynineCa", 
            "img": "http://abs.twimg.com/sticky/default_profile_images/default_profile_0_normal.png"
        }, 
        {
            "centralidad": 0.0, 
            "name": "AliBunkallSKY", 
            "img": "http://pbs.twimg.com/profile_images/378800000814721066/87d8da7971502aa451623eadf4f08245_normal.jpeg"
        }, 
        {
            "centralidad": 7.3997336095900544e-05, 
            "name": "sprotiv", 
            "img": "http://pbs.twimg.com/profile_images/804662234/sprotiv_logo_normal.png"
        }, 
        {
            "centralidad": 3.6998668047950272e-05, 
            "name": "foreignoffice", 
            "img": "http://pbs.twimg.com/profile_images/378800000797560005/911228fea5ee805af29d5d0d2af45ab5_normal.jpeg"
        }, 
        {
            "centralidad": 0.0, 
            "name": "SimonSmithFCO", 
            "img": "undefined"
        }, 
        {
            "centralidad": 0.0, 
            "name": "FPM_Paris", 
            "img": "http://pbs.twimg.com/profile_images/412645318405013504/BoT-pfIC_normal.jpeg"
        }, 
        {
            "centralidad": 0.0, 
            "name": "ianbremmer", 
            "img": "http://pbs.twimg.com/profile_images/378800000679633913/98083d4c7a61c7d210d8c97b66c45605_normal.jpeg"
        }, 
        {
            "centralidad": 0.0, 
            "name": "atmoney1", 
            "img": "http://pbs.twimg.com/profile_images/3475034398/2f2effb1172c1afe7a7b1978bde351fa_normal.jpeg"
        }, 
        {
            "centralidad": 0.0, 
            "name": "piosmo", 
            "img": "http://pbs.twimg.com/profile_images/1425891176/t_te_DALI_normal.jpg"
        }, 
        {
            "centralidad": 0.0, 
            "name": "NBCNews", 
            "img": "undefined"
        }, 
        {
            "centralidad": 0.0, 
            "name": "amauryreyes", 
            "img": "http://pbs.twimg.com/profile_images/3652126666/e0c7b9d16d0085b6cce51665314ba59f_normal.jpeg"
        }, 
        {
            "centralidad": 0.0, 
            "name": "Mikibrownoz", 
            "img": "http://pbs.twimg.com/profile_images/429273386091831296/-be_m3V0_normal.jpeg"
        }, 
        {
            "centralidad": 0.0, 
            "name": "rekisilove1", 
            "img": "http://pbs.twimg.com/profile_images/378800000318269956/f8c72de5760c1d366de0317a99ed6b2b_normal.jpeg"
        }, 
        {
            "centralidad": 0.0, 
            "name": "myAlexxan", 
            "img": "http://pbs.twimg.com/profile_images/2377149217/IMG-20120227-00304_normal.jpg"
        }, 
        {
            "centralidad": 0.0, 
            "name": "mjohnsonFCO", 
            "img": "http://pbs.twimg.com/profile_images/420224402915983362/-ojErFd8_normal.jpeg"
        }, 
        {
            "centralidad": 0.0, 
            "name": "StevenErlanger", 
            "img": "http://pbs.twimg.com/profile_images/1676794040/me_iowa_normal.jpg"
        }, 
        {
            "centralidad": 0.0, 
            "name": "AtoyebiJoseph", 
            "img": "http://pbs.twimg.com/profile_images/2762320327/64bc679c180aaf836f10d36fe8f71d62_normal.jpeg"
        }, 
        {
            "centralidad": 0.0, 
            "name": "matthiasrascher", 
            "img": "http://pbs.twimg.com/profile_images/1525234285/Infoveranstaltung_f._5._Kl._2010-5kl_normal.jpg"
        }, 
        {
            "centralidad": 0.0, 
            "name": "jpgomezleon", 
            "img": "http://pbs.twimg.com/profile_images/3523246472/2ac5bbe62878c71a50662b8b8a8313f4_normal.jpeg"
        }, 
        {
            "centralidad": 0.0, 
            "name": "vivwalt", 
            "img": "http://pbs.twimg.com/profile_images/2161740976/Atop_Bab_al-Aziziya_crop_normal.jpg"
        }, 
        {
            "centralidad": 0.0, 
            "name": "Heritage", 
            "img": "http://pbs.twimg.com/profile_images/378800000629331830/05cf91a6ba6c728f2a48244e139c906f_normal.jpeg"
        }, 
        {
            "centralidad": 0.0, 
            "name": "TrollyMacTrolol", 
            "img": "http://pbs.twimg.com/profile_images/1860683464/galabru_cigare_normal.JPG"
        }, 
        {
            "centralidad": 0.0, 
            "name": "myrevolutionrus", 
            "img": "http://pbs.twimg.com/profile_images/439767481033695232/0VHqjKbj_normal.jpeg"
        }, 
        {
            "centralidad": 0.0, 
            "name": "atlanticist", 
            "img": "http://pbs.twimg.com/profile_images/2851943242/00b49e851f9ee0e196d2fd77165ab9c5_normal.jpeg"
        }, 
        {
            "centralidad": 0.0, 
            "name": "iam_slimz", 
            "img": "http://pbs.twimg.com/profile_images/438276659259916288/GB1XYQIb_normal.jpeg"
        }, 
        {
            "centralidad": 0.0, 
            "name": "Diplomacy140", 
            "img": "http://pbs.twimg.com/profile_images/437181017304989696/z5fJFkYs_normal.png"
        }, 
        {
            "centralidad": 0.0, 
            "name": "AndriiSpivak", 
            "img": "http://pbs.twimg.com/profile_images/378800000836966058/fb4a044dce5bfbb589b86b0708ab3c15_normal.jpeg"
        }, 
        {
            "centralidad": 0.0, 
            "name": "demalliance", 
            "img": "undefined"
        }, 
        {
            "centralidad": 0.0, 
            "name": "FikEntertainmnt", 
            "img": "http://pbs.twimg.com/profile_images/412541974374137856/t-jM8fYs_normal.jpeg"
        }, 
        {
            "centralidad": 7.3997336095900544e-05, 
            "name": "AndryBatut", 
            "img": "http://pbs.twimg.com/profile_images/423215993511362560/tyYGthU2_normal.png"
        }, 
        {
            "centralidad": 0.0, 
            "name": "NickKristof", 
            "img": "http://pbs.twimg.com/profile_images/418836264482533377/RWo-KBgY_normal.jpeg"
        }, 
        {
            "centralidad": 3.6998668047950272e-05, 
            "name": "UKinSlovenia", 
            "img": "http://pbs.twimg.com/profile_images/378800000729844535/2735620b1f3a3070b4b70dd426fd2de8_normal.jpeg"
        }, 
        {
            "centralidad": 0.0, 
            "name": "Mz_Sahndrah", 
            "img": "http://pbs.twimg.com/profile_images/432769074385657856/fgNeE7HR_normal.jpeg"
        }, 
        {
            "centralidad": 0.0, 
            "name": "Inga009Svitlana", 
            "img": "http://pbs.twimg.com/profile_images/424885901655699456/AQGbRBBP_normal.jpeg"
        }, 
        {
            "centralidad": 0.030338907799319224, 
            "name": "Date360", 
            "img": "undefined"
        }, 
        {
            "centralidad": 0.0, 
            "name": "Chukie_X", 
            "img": "http://pbs.twimg.com/profile_images/442860253924065280/XzAS0h6t_normal.jpeg"
        }, 
        {
            "centralidad": 0.0, 
            "name": "NewelMedia", 
            "img": "http://pbs.twimg.com/profile_images/3212388138/5baf9b858a6b312c426a2ad5370e3685_normal.jpeg"
        }, 
        {
            "centralidad": 0.0, 
            "name": "ridersdoc", 
            "img": "http://pbs.twimg.com/profile_images/1796475974/Klicke_Mario_und_Leo_006_normal.jpg"
        }, 
        {
            "centralidad": 0.0, 
            "name": "BlacklistedNews", 
            "img": "http://pbs.twimg.com/profile_images/378800000603127667/29da5301385f066d2ecee4d88d85f460_normal.png"
        }, 
        {
            "centralidad": 0.0, 
            "name": "informationriot", 
            "img": "http://pbs.twimg.com/profile_images/378800000757841697/8aae3a39d41d36e1fdddd77e49ee215b_normal.png"
        }, 
        {
            "centralidad": 0.0, 
            "name": "Europarl_NL", 
            "img": "http://pbs.twimg.com/profile_images/2943831271/b6631b23a86502fae808ca3efde23d0d_normal.png"
        }, 
        {
            "centralidad": 0.0, 
            "name": "VandammeNathan", 
            "img": "http://pbs.twimg.com/profile_images/420877363627319296/jznKvT0P_normal.jpeg"
        }, 
        {
            "centralidad": 3.6998668047950272e-05, 
            "name": "graetzi", 
            "img": "http://pbs.twimg.com/profile_images/378800000769238427/6fda3b22f360f7c18518615a5e7e285e_normal.jpeg"
        }, 
        {
            "centralidad": 0.0, 
            "name": "usv1980", 
            "img": "http://pbs.twimg.com/profile_images/1231567167/Utkin_S_2006_normal.jpg"
        }, 
        {
            "centralidad": 0.0, 
            "name": "SaschaRMueller", 
            "img": "undefined"
        }, 
        {
            "centralidad": 0.0, 
            "name": "rmadsen54", 
            "img": "http://pbs.twimg.com/profile_images/424377272510840832/io8HHuGE_normal.jpeg"
        }, 
        {
            "centralidad": 0.0, 
            "name": "Prizrak_opery", 
            "img": "http://pbs.twimg.com/profile_images/2155790948/plak1_normal.jpg"
        }, 
        {
            "centralidad": 0.0, 
            "name": "ecrgroup", 
            "img": "undefined"
        }, 
        {
            "centralidad": 3.6998668047950272e-05, 
            "name": "FlyingFish002", 
            "img": "http://pbs.twimg.com/profile_images/378800000450365077/e46515bfd1afc3971230445d458a585a_normal.png"
        }, 
        {
            "centralidad": 0.0, 
            "name": "mashable", 
            "img": "undefined"
        }, 
        {
            "centralidad": 0.0, 
            "name": "twinesocial", 
            "img": "undefined"
        }, 
        {
            "centralidad": 0.0, 
            "name": "dopenaijamusic", 
            "img": "http://pbs.twimg.com/profile_images/378800000529214340/5bf643cf9e9f9a9c0e027b7d51cbf3ca_normal.png"
        }, 
        {
            "centralidad": 0.0, 
            "name": "katrinverty", 
            "img": "http://pbs.twimg.com/profile_images/2776818449/76cd45bd58a9f9dab2bb0683e752abd3_normal.jpeg"
        }, 
        {
            "centralidad": 3.6998668047950272e-05, 
            "name": "Stopcensorship", 
            "img": "http://pbs.twimg.com/profile_images/1016453714/stop_censorship_normal.jpg"
        }, 
        {
            "centralidad": 0.0, 
            "name": "MsFatima_", 
            "img": "http://pbs.twimg.com/profile_images/378800000087730488/f3fc9bf2e43db8161e6721353d56b5a1_normal.jpeg"
        }, 
        {
            "centralidad": 0.0, 
            "name": "joriandrake", 
            "img": "http://pbs.twimg.com/profile_images/442548399724711936/ctFXphir_normal.png"
        }, 
        {
            "centralidad": 0.00055498002071925406, 
            "name": "sovietsoho", 
            "img": "http://abs.twimg.com/sticky/default_profile_images/default_profile_2_normal.png"
        }, 
        {
            "centralidad": 0.0, 
            "name": "LuisRaul70", 
            "img": "http://pbs.twimg.com/profile_images/2300269709/wr3x368okit7jbfosi1j_normal.jpeg"
        }, 
        {
            "centralidad": 0.0, 
            "name": "Chiwizzy_YBNL", 
            "img": "http://pbs.twimg.com/profile_images/433472235316461568/YGIhRfhJ_normal.jpeg"
        }, 
        {
            "centralidad": 0.0, 
            "name": "888i888", 
            "img": "http://pbs.twimg.com/profile_images/378800000087551710/9a9559b7a923ee5ee438bb27bb159a17_normal.jpeg"
        }, 
        {
            "centralidad": 0.0, 
            "name": "rublevskigordg", 
            "img": "http://pbs.twimg.com/profile_images/1638953074/__________________159__2__normal.jpg"
        }, 
        {
            "centralidad": 0.0, 
            "name": "washingtonpost", 
            "img": "undefined"
        }, 
        {
            "centralidad": 0.0, 
            "name": "ultraliberty", 
            "img": "http://pbs.twimg.com/profile_images/3276838290/3d5b5534ffb1f18d331febc910ccc8cc_normal.jpeg"
        }, 
        {
            "centralidad": 0.0, 
            "name": "b_judah", 
            "img": "http://pbs.twimg.com/profile_images/378800000755881981/d3d598902d4bf32d66f7f71d5d9b2f02_normal.jpeg"
        }, 
        {
            "centralidad": 0.0, 
            "name": "agimcorp", 
            "img": "http://pbs.twimg.com/profile_images/1138816704/twitter-agimcorp-100610-01_normal.jpg"
        }, 
        {
            "centralidad": 3.6998668047950272e-05, 
            "name": "BBCWorld", 
            "img": "http://pbs.twimg.com/profile_images/2186836571/128x128_twitter_bbc_world_normal.jpg"
        }, 
        {
            "centralidad": 0.00014799467219180109, 
            "name": "science_boffin", 
            "img": "http://abs.twimg.com/sticky/default_profile_images/default_profile_6_normal.png"
        }, 
        {
            "centralidad": 0.0, 
            "name": "mylord888", 
            "img": "http://pbs.twimg.com/profile_images/440267866492116992/q9RS-nCs_normal.jpeg"
        }, 
        {
            "centralidad": 0.0, 
            "name": "BecharaBchara", 
            "img": "http://pbs.twimg.com/profile_images/420149647009513472/IUh0h6Ex_normal.jpeg"
        }, 
        {
            "centralidad": 0.0, 
            "name": "mannomom", 
            "img": "http://pbs.twimg.com/profile_images/2769300761/473732289ea2c1ebe7c855de337216b4_normal.jpeg"
        }, 
        {
            "centralidad": 0.0, 
            "name": "SlawomirDebski", 
            "img": "http://pbs.twimg.com/profile_images/3763952244/65c90af824afc70464b363c987051bc6_normal.png"
        }, 
        {
            "centralidad": 0.0, 
            "name": "fabifabi10", 
            "img": "http://pbs.twimg.com/profile_images/442817539802791936/-16zJpW8_normal.jpeg"
        }, 
        {
            "centralidad": 0.0, 
            "name": "Roskiddy", 
            "img": "http://pbs.twimg.com/profile_images/378800000646380290/50cf2a22045249d340659fd6e1e43a95_normal.jpeg"
        }, 
        {
            "centralidad": 0.0, 
            "name": "levasc", 
            "img": "http://pbs.twimg.com/profile_images/1330792331/northern_mockingbird_normal.jpg"
        }, 
        {
            "centralidad": 0.0, 
            "name": "Iamkamakazzy", 
            "img": "http://pbs.twimg.com/profile_images/378800000160579905/5fa6eab888d143359dd50a7089c4edd5_normal.jpeg"
        }, 
        {
            "centralidad": 0.0, 
            "name": "Number10gov", 
            "img": "http://pbs.twimg.com/profile_images/378800000729938158/560001968548a813cb25a127d3bd25f2_normal.png"
        }, 
        {
            "centralidad": 0.0, 
            "name": "LevMartin", 
            "img": "http://pbs.twimg.com/profile_images/438745263017320448/LaNAmkqv_normal.jpeg"
        }, 
        {
            "centralidad": 0.0, 
            "name": "anomalyuk", 
            "img": "http://pbs.twimg.com/profile_images/98632136/twitter2_normal.png"
        }, 
        {
            "centralidad": 0.0, 
            "name": "Graham_Bowley", 
            "img": "http://pbs.twimg.com/profile_images/2585136688/iom6x983s5ghql6gilst_normal.jpeg"
        }, 
        {
            "centralidad": 0.0, 
            "name": "jess_hint", 
            "img": "http://pbs.twimg.com/profile_images/2763901036/95c421ef5bb4e98ed26f5af28ad461e3_normal.png"
        }, 
        {
            "centralidad": 0.00014799467219180109, 
            "name": "diponziano", 
            "img": "http://pbs.twimg.com/profile_images/2309041218/4zzv9uhp63s2qzeno2gw_normal.jpeg"
        }, 
        {
            "centralidad": 0.0, 
            "name": "GROOVY53", 
            "img": "http://pbs.twimg.com/profile_images/2845614228/7fffda9768c8873f115b9c8381b838a1_normal.png"
        }, 
        {
            "centralidad": 0.0, 
            "name": "Lynoboss", 
            "img": "http://pbs.twimg.com/profile_images/378800000830600295/b842459ea37a8c59b588ab09c4490249_normal.jpeg"
        }, 
        {
            "centralidad": 0.0, 
            "name": "u_kraine", 
            "img": "http://pbs.twimg.com/profile_images/2329960806/xjtyph78w2768hw04omj_normal.jpeg"
        }, 
        {
            "centralidad": 0.0, 
            "name": "mdpee_1", 
            "img": "http://pbs.twimg.com/profile_images/440037939289280512/szvzwy1L_normal.jpeg"
        }, 
        {
            "centralidad": 0.0, 
            "name": "mdpeee", 
            "img": "http://pbs.twimg.com/profile_images/378800000082081081/579c8a94fa3a56720120313ec6e0091d_normal.jpeg"
        }, 
        {
            "centralidad": 0.0, 
            "name": "carterMs1", 
            "img": "http://pbs.twimg.com/profile_images/378800000073342182/3fb79049b1c166cf81a5520dcc6e984f_normal.jpeg"
        }, 
        {
            "centralidad": 0.0, 
            "name": "ChristopherJM", 
            "img": "http://pbs.twimg.com/profile_images/443079107333484545/2E_rYdWj_normal.jpeg"
        }, 
        {
            "centralidad": 0.0, 
            "name": "noclador", 
            "img": "http://pbs.twimg.com/profile_images/439779280432529408/6rbn8VUa_normal.jpeg"
        }, 
        {
            "centralidad": 0.0, 
            "name": "CbkohutWilton", 
            "img": "http://pbs.twimg.com/profile_images/442317027521601536/5be0tKM2_normal.jpeg"
        }, 
        {
            "centralidad": 0.0, 
            "name": "soyege_gbenga", 
            "img": "http://pbs.twimg.com/profile_images/421158842022776832/HpKXqK4__normal.jpeg"
        }, 
        {
            "centralidad": 0.0, 
            "name": "BSpringnote", 
            "img": "undefined"
        }, 
        {
            "centralidad": 0.0, 
            "name": "YaMadtrix", 
            "img": "http://pbs.twimg.com/profile_images/378800000538848261/aff2786e6a3d1ad812ebb0e4ed3e6218_normal.jpeg"
        }, 
        {
            "centralidad": 0.0, 
            "name": "nuttienuttar", 
            "img": "http://pbs.twimg.com/profile_images/3245105073/536b221625c09396ed688c492d37e97b_normal.jpeg"
        }, 
        {
            "centralidad": 0.0, 
            "name": "Iam_stillz", 
            "img": "http://pbs.twimg.com/profile_images/435879359396986880/TGQtMdE7_normal.jpeg"
        }, 
        {
            "centralidad": 0.0, 
            "name": "tefi_ru", 
            "img": "http://pbs.twimg.com/profile_images/1643915509/114_96643_normal.jpg"
        }, 
        {
            "centralidad": 0.0, 
            "name": "David_Cameron", 
            "img": "http://pbs.twimg.com/profile_images/378800000727563176/908ce43507d150df8da0e71d4b4eb1c7_normal.jpeg"
        }, 
        {
            "centralidad": 0.0, 
            "name": "Finallymonty", 
            "img": "http://pbs.twimg.com/profile_images/378800000591564558/2a59fc1ca55b8f69d565909b6ad922b5_normal.jpeg"
        }, 
        {
            "centralidad": 0.0, 
            "name": "wmirick", 
            "img": "http://pbs.twimg.com/profile_images/3568196778/705ce14fbf53aa653970ba9fd8488303_normal.png"
        }, 
        {
            "centralidad": 0.0, 
            "name": "BarackObama", 
            "img": "undefined"
        }, 
        {
            "centralidad": 0.0, 
            "name": "ThePeoplesCube", 
            "img": "undefined"
        }, 
        {
            "centralidad": 0.0, 
            "name": "outsidethewire2", 
            "img": "http://pbs.twimg.com/profile_images/2356401012/image_normal.jpg"
        }, 
        {
            "centralidad": 0.0, 
            "name": "VisegradFund", 
            "img": "http://pbs.twimg.com/profile_images/1478861418/IVF_normal.jpg"
        }, 
        {
            "centralidad": 0.0, 
            "name": "russ0lan", 
            "img": "http://pbs.twimg.com/profile_images/426042191690338304/L-TiCTYO_normal.jpeg"
        }, 
        {
            "centralidad": 0.0, 
            "name": "magutw", 
            "img": "http://pbs.twimg.com/profile_images/2805766497/51afb881bd2dc376487d8bef0396573e_normal.jpeg"
        }, 
        {
            "centralidad": 0.0, 
            "name": "Russian_Council", 
            "img": "undefined"
        }, 
        {
            "centralidad": 0.0, 
            "name": "Milatrud11", 
            "img": "http://abs.twimg.com/sticky/default_profile_images/default_profile_3_normal.png"
        }, 
        {
            "centralidad": 0.0, 
            "name": "SkyAnushka", 
            "img": "http://pbs.twimg.com/profile_images/419152893216706560/i2RBM0jK_normal.jpeg"
        }, 
        {
            "centralidad": 0.0, 
            "name": "politico", 
            "img": "undefined"
        }, 
        {
            "centralidad": 0.0, 
            "name": "BILD", 
            "img": "undefined"
        }, 
        {
            "centralidad": 0.0, 
            "name": "ronzheimer", 
            "img": "http://pbs.twimg.com/profile_images/378800000794022699/f3d83142318fbe8e3222a22c623339c2_normal.jpeg"
        }, 
        {
            "centralidad": 0.0, 
            "name": "flacqua", 
            "img": "undefined"
        }, 
        {
            "centralidad": 0.0, 
            "name": "BloombergTV", 
            "img": "http://pbs.twimg.com/profile_images/1681030657/Television_tw-red_normal.jpg"
        }, 
        {
            "centralidad": 0.0, 
            "name": "Netzblockierer", 
            "img": "undefined"
        }, 
        {
            "centralidad": 3.6998668047950272e-05, 
            "name": "YoungSocialist", 
            "img": "http://pbs.twimg.com/profile_images/422122721137680384/ccZOCgb1_normal.png"
        }, 
        {
            "centralidad": 0.0, 
            "name": "nordensk", 
            "img": "http://pbs.twimg.com/profile_images/754151030/twitter-logo_normal.png"
        }, 
        {
            "centralidad": 0.0, 
            "name": "Klitschko", 
            "img": "undefined"
        }, 
        {
            "centralidad": 0.0, 
            "name": "antipn", 
            "img": "undefined"
        }, 
        {
            "centralidad": 3.6998668047950272e-05, 
            "name": "kewell1983", 
            "img": "http://pbs.twimg.com/profile_images/434098887058411520/-4BM5ObC_normal.png"
        }, 
        {
            "centralidad": 0.0, 
            "name": "ukinhungary", 
            "img": "http://pbs.twimg.com/profile_images/2844229729/ebaccee9f5313d1518c75d68ff71efab_normal.jpeg"
        }, 
        {
            "centralidad": 0.0, 
            "name": "funkyflyfreshh", 
            "img": "http://pbs.twimg.com/profile_images/2606419483/Screen_20120913_160856_normal.jpg"
        }, 
        {
            "centralidad": 0.0, 
            "name": "tasamaroksolian", 
            "img": "http://pbs.twimg.com/profile_images/1392366592/Jordan_2011_028_normal.jpg"
        }, 
        {
            "centralidad": 0.0, 
            "name": "uajojo", 
            "img": "http://pbs.twimg.com/profile_images/424288340758646784/cgBXPuD3_normal.jpeg"
        }, 
        {
            "centralidad": 0.0, 
            "name": "uacrisis", 
            "img": "http://pbs.twimg.com/profile_images/440839694394208256/Pse_DqSZ_normal.jpeg"
        }, 
        {
            "centralidad": 0.0, 
            "name": "stanleeonyi", 
            "img": "http://pbs.twimg.com/profile_images/3226650905/0317332b51bbef6e548e6a0cc247bd0e_normal.jpeg"
        }, 
        {
            "centralidad": 0.0, 
            "name": "Nascent101", 
            "img": "http://pbs.twimg.com/profile_images/419221639390568448/T4hEU9tX_normal.jpeg"
        }, 
        {
            "centralidad": 0.0, 
            "name": "vicenews", 
            "img": "http://pbs.twimg.com/profile_images/429037242007306242/Vz_lzXaq_normal.png"
        }, 
        {
            "centralidad": 0.0, 
            "name": "BoringOrakul", 
            "img": "http://pbs.twimg.com/profile_images/2645078201/1e5dd6ce473aa015070a889506c5644c_normal.jpeg"
        }, 
        {
            "centralidad": 0.00011099600414385082, 
            "name": "_ajit8_", 
            "img": "http://pbs.twimg.com/profile_images/425733253941964801/Y2sjjB2d_normal.jpeg"
        }, 
        {
            "centralidad": 0.0, 
            "name": "nfelger", 
            "img": "http://pbs.twimg.com/profile_images/1770641309/image1327146522_normal.png"
        }, 
        {
            "centralidad": 0.00022199200828770165, 
            "name": "lachecarlo", 
            "img": "http://pbs.twimg.com/profile_images/443076520488087552/wHLHK89Q_normal.jpeg"
        }, 
        {
            "centralidad": 0.0, 
            "name": "ajit8_", 
            "img": "http://pbs.twimg.com/profile_images/1606051770/7f05bfd7-0f05-405b-88a0-06136b25abb6_normal.png"
        }, 
        {
            "centralidad": 0.0, 
            "name": "stilldharmee", 
            "img": "http://pbs.twimg.com/profile_images/435883571388350464/sM-pr1Wp_normal.jpeg"
        }, 
        {
            "centralidad": 0.0, 
            "name": "TalgatMMM", 
            "img": "http://pbs.twimg.com/profile_images/378800000696933771/d7431eb15dca634c6a7f9b611de88041_normal.jpeg"
        }, 
        {
            "centralidad": 0.0, 
            "name": "giancarlocarpin", 
            "img": "http://pbs.twimg.com/profile_images/1670283231/DSC_0479_normal.JPG"
        }, 
        {
            "centralidad": 0.0, 
            "name": "pwaldieGLOBE", 
            "img": "http://pbs.twimg.com/profile_images/3019033972/d771409e131ece4091f2af1ef3586223_normal.jpeg"
        }, 
        {
            "centralidad": 0.00048098268462335353, 
            "name": "2111015", 
            "img": "http://abs.twimg.com/sticky/default_profile_images/default_profile_3_normal.png"
        }, 
        {
            "centralidad": 0.0027749001035962703, 
            "name": "EuromaidanPR", 
            "img": "http://pbs.twimg.com/profile_images/422390970701729792/qNDNAj9w_normal.jpeg"
        }, 
        {
            "centralidad": 0.0, 
            "name": "Baka_62", 
            "img": "http://pbs.twimg.com/profile_images/378800000549355758/38e09b4bd46d039873a7ce38b48eb75e_normal.jpeg"
        }, 
        {
            "centralidad": 0.0, 
            "name": "hot_jay1", 
            "img": "http://pbs.twimg.com/profile_images/439952828325691392/bXc3vzWl_normal.jpeg"
        }, 
        {
            "centralidad": 0.0, 
            "name": "Marri_SPB", 
            "img": "http://pbs.twimg.com/profile_images/440031897352433664/1V8B_8ZR_normal.jpeg"
        }, 
        {
            "centralidad": 0.0, 
            "name": "OEghosa", 
            "img": "http://pbs.twimg.com/profile_images/378800000594751857/94abfb43f84336b5fab856d719d96b87_normal.jpeg"
        }, 
        {
            "centralidad": 0.0, 
            "name": "JanezPotocnikEU", 
            "img": "http://pbs.twimg.com/profile_images/3184994574/fac905195841250f61f4b0373a7c23cf_normal.jpeg"
        }, 
        {
            "centralidad": 0.0, 
            "name": "lisa_alba", 
            "img": "http://pbs.twimg.com/profile_images/443066585121427456/OjfPNZn7_normal.jpeg"
        }, 
        {
            "centralidad": 0.0, 
            "name": "Alanlsg", 
            "img": "undefined"
        }, 
        {
            "centralidad": 0.0, 
            "name": "GbaGaunPo_oLICE", 
            "img": "http://pbs.twimg.com/profile_images/440015997375107072/QegXuk_U_normal.jpeg"
        }, 
        {
            "centralidad": 0.0, 
            "name": "ajain31", 
            "img": "http://pbs.twimg.com/profile_images/441267596726259712/fAapSS1J_normal.png"
        }, 
        {
            "centralidad": 0.0, 
            "name": "Burnertunes", 
            "img": "http://pbs.twimg.com/profile_images/3156628012/bc2d286df407659bf9175d8db533497e_normal.jpeg"
        }, 
        {
            "centralidad": 0.0, 
            "name": "SilentRev0lt", 
            "img": "http://pbs.twimg.com/profile_images/2432687714/4dkw5wplviti77i9mfbn_normal.jpeg"
        }, 
        {
            "centralidad": 0.0, 
            "name": "McFaul", 
            "img": "http://pbs.twimg.com/profile_images/2165084856/McFaul-mugshot-2_normal.jpg"
        }, 
        {
            "centralidad": 0.0, 
            "name": "LupusLotarius", 
            "img": "http://pbs.twimg.com/profile_images/422145939705303040/QDrG1Ows_normal.jpeg"
        }, 
        {
            "centralidad": 0.0, 
            "name": "mohamza28", 
            "img": "http://pbs.twimg.com/profile_images/378800000792555019/c513f45fba1abce8afc9180bf7a78fa1_normal.jpeg"
        }, 
        {
            "centralidad": 0.0, 
            "name": "daygeedarey", 
            "img": "http://pbs.twimg.com/profile_images/2560655950/344935503_normal.jpg"
        }, 
        {
            "centralidad": 0.0, 
            "name": "TomCoghlan", 
            "img": "undefined"
        }, 
        {
            "centralidad": 0.0, 
            "name": "JoeTwyman", 
            "img": "undefined"
        }, 
        {
            "centralidad": 0.0, 
            "name": "tjscotto", 
            "img": "undefined"
        }, 
        {
            "centralidad": 0.0, 
            "name": "IanCLucas", 
            "img": "undefined"
        }, 
        {
            "centralidad": 0.0, 
            "name": "AlistairBurtMP", 
            "img": "undefined"
        }, 
        {
            "centralidad": 0.0, 
            "name": "FPCThinkTank", 
            "img": "undefined"
        }, 
        {
            "centralidad": 0.0, 
            "name": "Europarl_DE", 
            "img": "http://pbs.twimg.com/profile_images/3248271415/fcdc8d5882d44cc0bc9c8d2500412336_normal.jpeg"
        }, 
        {
            "centralidad": 3.6998668047950272e-05, 
            "name": "algofix", 
            "img": "http://pbs.twimg.com/profile_images/1507860463/image_normal.jpg"
        }, 
        {
            "centralidad": 0.0, 
            "name": "joluchs", 
            "img": "http://pbs.twimg.com/profile_images/2877324826/066d7d42edbcf337864a66e81cb86faa_normal.jpeg"
        }
    ], 
    "edges": [
        {
            "source": 0, 
            "target": 2, 
            "text": "@JohnKerry #US violating international law through gross interference #Ukraine sovereign affairs http://t.co/cH9275P0NX #UN @secgen #Russia"
        }, 
        {
            "source": 1, 
            "target": 106, 
            "text": "#Date360: Nigerian Super Eagles Striker, Brown Ideye Robbed In Ukraine http://t.co/MpXiEvJgzV via @Date360"
        }, 
        {
            "source": 2, 
            "target": 3, 
            "text": "@JohnKerry #US violating international law through gross interference #Ukraine sovereign affairs http://t.co/cH9275P0NX #UN @secgen #Russia"
        }, 
        {
            "source": 4, 
            "target": 5, 
            "text": "RT @yetiblog: A LIRE : la composition du gvt d\u00e9mocratique d' #Ukraine (avec 6 ministres n\u00e9onazis sur 19) http://t.co/eerS1vQAk8 http://t.\u2026"
        }, 
        {
            "source": 6, 
            "target": 20, 
            "text": "RT @indignadosvene2: #UKRAINE ENV\u00cdA \u00c1NIMOS A #VENEZUELA. AL FONDO DE LA FOTO, TODO DESTRUIDO, PERO SU ESP\u00cdRITU INQUEBRANTABLE http://t.co/j\u2026"
        }, 
        {
            "source": 7, 
            "target": 20, 
            "text": "RT @indignadosvene2: #UKRAINE ENV\u00cdA \u00c1NIMOS A #VENEZUELA. AL FONDO DE LA FOTO, TODO DESTRUIDO, PERO SU ESP\u00cdRITU INQUEBRANTABLE http://t.co/j\u2026"
        }, 
        {
            "source": 8, 
            "target": 36, 
            "text": "@SaschaRMueller  @cashkurs zu den Unruhen in der #Ukraine http://t.co/6tu64P1joJ #Wissen schafft #Verantwortung cc @RegSprecher"
        }, 
        {
            "source": 9, 
            "target": 10, 
            "text": "Americans Oppose Substantial Involvement in Ukraine, Poll Shows | The Moscow Times http://t.co/Jxee7WFjAa via @MoscowTimes"
        }, 
        {
            "source": 11, 
            "target": 18, 
            "text": "@MDaisy8 #Kyiv provisional government issues orders ignored by Ukrainian military, who have no death wish. #NATO will not protect #Ukraine."
        }, 
        {
            "source": 12, 
            "target": 106, 
            "text": "#Date360: Nigerian Super Eagles Striker, Brown Ideye Robbed In Ukraine http://t.co/9omUsd5Z91 via @Date360"
        }, 
        {
            "source": 13, 
            "target": 47, 
            "text": "RT @BarrosoEU: My statement on #Ukraine today @Europarl_EN is online at http://t.co/w2vLRHRrjB"
        }, 
        {
            "source": 13, 
            "target": 152, 
            "text": "President @BarrosoEU's statement on #Ukraine in @Europarl_EN: http://t.co/eC8lCLndgh #ukrainecrisis #ukrainesupport #UkraineConflict"
        }, 
        {
            "source": 14, 
            "target": 47, 
            "text": "RT @BarrosoEU: My statement on #Ukraine today @Europarl_EN is online at http://t.co/w2vLRHRrjB"
        }, 
        {
            "source": 14, 
            "target": 103, 
            "text": "RT @JanezPotocnikEU: We call on Russian Federation to cease all efforts to annexe Ukraine's autonomous Republic of Crimea @BarrosoEU http\u2026"
        }, 
        {
            "source": 14, 
            "target": 152, 
            "text": "President @BarrosoEU's statement on #Ukraine in @Europarl_EN: http://t.co/eC8lCLndgh #ukrainecrisis #ukrainesupport #UkraineConflict"
        }, 
        {
            "source": 15, 
            "target": 20, 
            "text": "RT @indignadosvene2: #UKRAINE ENV\u00cdA \u00c1NIMOS A #VENEZUELA. AL FONDO DE LA FOTO, TODO DESTRUIDO, PERO SU ESP\u00cdRITU INQUEBRANTABLE http://t.co/j\u2026"
        }, 
        {
            "source": 16, 
            "target": 106, 
            "text": "#Date360: Nigerian Super Eagles Striker, Brown Ideye Robbed In Ukraine http://t.co/elrYfXa8iC via @Date360"
        }, 
        {
            "source": 17, 
            "target": 106, 
            "text": "#Date360: Nigerian Super Eagles Striker, Brown Ideye Robbed In Ukraine http://t.co/1Bdv5w16Mk via @Date360"
        }, 
        {
            "source": 19, 
            "target": 209, 
            "text": "RT @EuromaidanPR: #Russian ruble is \u0441atastrophic devalued today -investing.com |PR News #Russia #Ukraine #CrimeaInvasion http://t.co/I7IeeO\u2026"
        }, 
        {
            "source": 20, 
            "target": 64, 
            "text": "RT @indignadosvene2: #UKRAINE ENV\u00cdA \u00c1NIMOS A #VENEZUELA. AL FONDO DE LA FOTO, TODO DESTRUIDO, PERO SU ESP\u00cdRITU INQUEBRANTABLE http://t.co/j\u2026"
        }, 
        {
            "source": 20, 
            "target": 90, 
            "text": "RT @indignadosvene2: #UKRAINE ENV\u00cdA \u00c1NIMOS A #VENEZUELA. AL FONDO DE LA FOTO, TODO DESTRUIDO, PERO SU ESP\u00cdRITU INQUEBRANTABLE http://t.co/j\u2026"
        }, 
        {
            "source": 20, 
            "target": 143, 
            "text": "RT @indignadosvene2: #UKRAINE ENV\u00cdA \u00c1NIMOS A #VENEZUELA. AL FONDO DE LA FOTO, TODO DESTRUIDO, PERO SU ESP\u00cdRITU INQUEBRANTABLE http://t.co/j\u2026"
        }, 
        {
            "source": 20, 
            "target": 129, 
            "text": "RT @indignadosvene2: #UKRAINE ENV\u00cdA \u00c1NIMOS A #VENEZUELA. AL FONDO DE LA FOTO, TODO DESTRUIDO, PERO SU ESP\u00cdRITU INQUEBRANTABLE http://t.co/j\u2026"
        }, 
        {
            "source": 21, 
            "target": 36, 
            "text": "@SaschaRMueller  @cashkurs zu den Unruhen in der #Ukraine http://t.co/6tu64P1joJ #Wissen schafft #Verantwortung cc @RegSprecher"
        }, 
        {
            "source": 22, 
            "target": 23, 
            "text": "RT @asya_lugovska: #Ukrainian border soldiers haven't allow more than 300 #Russian extremists and provocateurs to enter #Ukraine."
        }, 
        {
            "source": 24, 
            "target": 209, 
            "text": "RT @EastOfBrussels: #Russia: Thanks to #Putin's aggressions #Gazprom shares plummet http://t.co/BfUifKIkMo  http://t.co/7lhJnA7C5J via @Eur\u2026"
        }, 
        {
            "source": 24, 
            "target": 34, 
            "text": "RT @EastOfBrussels: #Russia: Thanks to #Putin's aggressions #Gazprom shares plummet http://t.co/BfUifKIkMo  http://t.co/7lhJnA7C5J via @Eur\u2026"
        }, 
        {
            "source": 25, 
            "target": 31, 
            "text": "RT @SWajAli: #Russian forces on #Uranus already! #Ukraine http://t.co/UBYUDe5PyC"
        }, 
        {
            "source": 26, 
            "target": 176, 
            "text": "RT @myroslavapetsa: #Parubiy: #Ukraine's authorities working on plan B. We are prepared to accommodate many refugees should there be a need"
        }, 
        {
            "source": 26, 
            "target": 127, 
            "text": "RT @myroslavapetsa: #Parubiy: #Ukraine's authorities working on plan B. We are prepared to accommodate many refugees should there be a need"
        }, 
        {
            "source": 26, 
            "target": 48, 
            "text": "RT @myroslavapetsa: #Parubiy: #Ukraine's authorities working on plan B. We are prepared to accommodate many refugees should there be a need"
        }, 
        {
            "source": 27, 
            "target": 28, 
            "text": "RT @anti_maydan: \u041c\u0435\u0442\u043e\u0434\u044b \u0443\u0431\u0435\u0436\u0434\u0435\u043d\u0438\u044f \u043f\u043e-\u043a\u0438\u0435\u0432\u0441\u043a\u0438: \u0438\u0437\u0431\u0438\u0435\u043d\u0438\u044f, \u0443\u0433\u0440\u043e\u0437\u044b \u0438 \u043f\u044b\u0442\u043a\u0438 http://t.co/5ZF93E2X9R #Ukraine #Russian #\u043a\u0440\u044b\u043c #\u041a\u0438\u0435\u0432\u0430 #Crimea #\u0443\u043a\u0440\u0430\u0438\u2026"
        }, 
        {
            "source": 29, 
            "target": 209, 
            "text": "RT @EastOfBrussels: #Russia: Thanks to #Putin's aggressions #Gazprom shares plummet http://t.co/BfUifKIkMo  http://t.co/7lhJnA7C5J via @Eur\u2026"
        }, 
        {
            "source": 29, 
            "target": 34, 
            "text": "RT @EastOfBrussels: #Russia: Thanks to #Putin's aggressions #Gazprom shares plummet http://t.co/BfUifKIkMo  http://t.co/7lhJnA7C5J via @Eur\u2026"
        }, 
        {
            "source": 30, 
            "target": 190, 
            "text": "@antipn @JUmpIN11 C'est pas de la propagande ! La Russie est un grand fr\u00e8re qui veut \u00e9viter les mauvaise fr\u00e9quentations \u00e0 sa s\u0153ur Ukraine."
        }, 
        {
            "source": 32, 
            "target": 209, 
            "text": "RT @EuromaidanPR: #Russian ruble is \u0441atastrophic devalued today -investing.com |PR News #Russia #Ukraine #CrimeaInvasion http://t.co/I7IeeO\u2026"
        }, 
        {
            "source": 33, 
            "target": 202, 
            "text": "RT @lachecarlo: How Russia attacks Ukraine. The occupation plans of Kremlin #\u043a\u0440\u044b\u043c #ukraine  #caucasus  #\u0423\u043a\u0440\u0430\u0438\u043d\u0430 #ukraine http://t.co/RjXURY\u2026"
        }, 
        {
            "source": 34, 
            "target": 208, 
            "text": "RT @EastOfBrussels: #Ukraine crisis: #Russians opposed to #Putin http://t.co/bKGOZCyo1v #russia #hitler #stalin #crimea #war #eu #usa htt\u2026"
        }, 
        {
            "source": 34, 
            "target": 209, 
            "text": "#Russia: #Ruble is \u0441atastrophic devalued today -investing.com via @EuromaidanPR http://t.co/fEOm0eVoiD #ukraine #crash #moscow #putin #war"
        }, 
        {
            "source": 35, 
            "target": 210, 
            "text": "RT @Baka_62: Obama Exploiting Ukraine to Empower IMF and Dictatorships http://t.co/lBtjDEfPzS #imf #us #ukraine #reforms"
        }, 
        {
            "source": 36, 
            "target": 60, 
            "text": "@rtl_aktuell  @cashkurs zu den Unruhen in der #Ukraine http://t.co/6tu64P1joJ #Wissen schafft #Verantwortung cc @RegSprecher"
        }, 
        {
            "source": 36, 
            "target": 116, 
            "text": "@SaschaRMueller  @cashkurs zu den Unruhen in der #Ukraine http://t.co/6tu64P1joJ #Wissen schafft #Verantwortung cc @RegSprecher"
        }, 
        {
            "source": 37, 
            "target": 38, 
            "text": "RT @sarajlija1971: Tako se to radi na visokom nivou #AngelaMerkel i #VladimirPutin. #Germany, #Russia, #Ukraine, #Crimea http://t.co/lyUGFQ\u2026"
        }, 
        {
            "source": 39, 
            "target": 40, 
            "text": "Leading @SBSNews 1025 is: Malaysia, Ukraine, UK, S Africa, France & Aus + how does your credit card debt compare with the national average?"
        }, 
        {
            "source": 41, 
            "target": 106, 
            "text": "#Date360: Nigerian Super Eagles Striker, Brown Ideye Robbed In Ukraine http://t.co/vrJr9zqjnq via @Date360"
        }, 
        {
            "source": 42, 
            "target": 209, 
            "text": "RT @EuromaidanPR: #Russian ruble is \u0441atastrophic devalued today -investing.com |PR News #Russia #Ukraine #CrimeaInvasion http://t.co/I7IeeO\u2026"
        }, 
        {
            "source": 43, 
            "target": 106, 
            "text": "#Date360: Nigerian Super Eagles Striker, Brown Ideye Robbed In Ukraine http://t.co/iTmrV8NA5F via @Date360"
        }, 
        {
            "source": 44, 
            "target": 78, 
            "text": "RT @ianbremmer: Crimea prepares for democracy. #ukraine http://t.co/BdBAgXdv5Z"
        }, 
        {
            "source": 45, 
            "target": 46, 
            "text": "Russia's Crimean Invasion Is the Beginning of War in Ukraine via @tnr http://t.co/DVMVCygwez"
        }, 
        {
            "source": 47, 
            "target": 138, 
            "text": "RT @science_boffin: #Russian #invasion of #Ukraine will mean they control 25% of World #grain http://t.co/sMPoFs2hHJ. Wake up #Europe and #\u2026"
        }, 
        {
            "source": 48, 
            "target": 209, 
            "text": "RT @EuromaidanPR: #Russian ruble is \u0441atastrophic devalued today -investing.com |PR News #Russia #Ukraine #CrimeaInvasion http://t.co/I7IeeO\u2026"
        }, 
        {
            "source": 49, 
            "target": 106, 
            "text": "#Date360: Nigerian Super Eagles Striker, Brown Ideye Robbed In Ukraine http://t.co/63Mbk8p5mE via @Date360"
        }, 
        {
            "source": 50, 
            "target": 119, 
            "text": "MEP #Legutko from @ecrgroup says: the #EU had neither instruments, nor common will to prevent #Russian invasion in #Ukraine"
        }, 
        {
            "source": 51, 
            "target": 55, 
            "text": "RT @iwakamiyasumi: \u6226\u4e89\u304c\u5e73\u6c17\u306a\u306e\u306f\u3001\u7121\u4eba\u6a5f\u3092\u98db\u3070\u3059\u7c73\u56fd\u3060\u3051\u3002RT @yuakira1: \u30ac\u30fc\u30c7\u30a3\u30a2\u30f37\u65e522\u6642\u904e\u304e\u30a6\u30af\u30e9\u30a4\u30ca\u30c6\u30ec\u30d3\u5c40\u9023\u5408\u30571\u3064\u306e\u30a6\u30af\u30e9\u30a4\u30ca\u8a34\u3048\uff08\u30a6\u30af\u30e9\u30a4\u30ca\u8a9e\u3068\u30ed\u30b7\u30a2\u8a9e\u4e21\u65b9\u3067\u653e\u9001\uff09\u30ed\u30b7\u30a2\u306e\u653e\u9001\u5c40\u306b\u516c\u958b\u72b6\u300c\u30ed\u30b7\u30a2\u3082\u30a6\u30af\u30e9\u30a4\u30ca\u3082\u6226\u4e89\u671b\u307e\u306a\u3044\u300d\u3000ht\u2026"
        }, 
        {
            "source": 52, 
            "target": 200, 
            "text": "RT @_ajit8_: #youtube Celente: US ignores own law in aiding post-coup Ukraine govt http://t.co/p3JUOG7kkc"
        }, 
        {
            "source": 53, 
            "target": 58, 
            "text": "@lindseyhilsum in #Bakhchiserai #Crimea #Ukraine"
        }, 
        {
            "source": 54, 
            "target": 55, 
            "text": "RT @iwakamiyasumi: \u6226\u4e89\u304c\u5e73\u6c17\u306a\u306e\u306f\u3001\u7121\u4eba\u6a5f\u3092\u98db\u3070\u3059\u7c73\u56fd\u3060\u3051\u3002RT @yuakira1: \u30ac\u30fc\u30c7\u30a3\u30a2\u30f37\u65e522\u6642\u904e\u304e\u30a6\u30af\u30e9\u30a4\u30ca\u30c6\u30ec\u30d3\u5c40\u9023\u5408\u30571\u3064\u306e\u30a6\u30af\u30e9\u30a4\u30ca\u8a34\u3048\uff08\u30a6\u30af\u30e9\u30a4\u30ca\u8a9e\u3068\u30ed\u30b7\u30a2\u8a9e\u4e21\u65b9\u3067\u653e\u9001\uff09\u30ed\u30b7\u30a2\u306e\u653e\u9001\u5c40\u306b\u516c\u958b\u72b6\u300c\u30ed\u30b7\u30a2\u3082\u30a6\u30af\u30e9\u30a4\u30ca\u3082\u6226\u4e89\u671b\u307e\u306a\u3044\u300d\u3000ht\u2026"
        }, 
        {
            "source": 56, 
            "target": 200, 
            "text": "RT @_ajit8_: #youtube Celente: US ignores own law in aiding post-coup Ukraine govt http://t.co/p3JUOG7kkc"
        }, 
        {
            "source": 57, 
            "target": 178, 
            "text": "RT @olgatokariuk: #Crimea referendum #Ukraine #Russia http://t.co/9pScBbZyaQ"
        }, 
        {
            "source": 57, 
            "target": 199, 
            "text": "RT @olgatokariuk: Simferopol this morning #Crimea #Ukraine #stopputin http://t.co/4JtBZ39RHj"
        }, 
        {
            "source": 59, 
            "target": 106, 
            "text": "#Date360: Nigerian Super Eagles Striker, Brown Ideye Robbed In Ukraine http://t.co/HoPhMZOK7d via @Date360"
        }, 
        {
            "source": 61, 
            "target": 106, 
            "text": "#Date360: Nigerian Super Eagles Striker, Brown Ideye Robbed In Ukraine http://t.co/9cjFHa2IVT via @Date360"
        }, 
        {
            "source": 62, 
            "target": 106, 
            "text": "#Date360: Nigerian Super Eagles Striker, Brown Ideye Robbed In Ukraine http://t.co/guuQxYEpRz via @Date360"
        }, 
        {
            "source": 63, 
            "target": 93, 
            "text": "RT @Kasparov63: No. Putin & buddies want to live rich long lives. MT @ThPlayersLounge: Do you see a scenario where Ukraine could lead to wo\u2026"
        }, 
        {
            "source": 65, 
            "target": 71, 
            "text": "RT @JournaldeLevis: Voici notre \u00e9dition de cette semaine. En une : Unis pour l'Ukraine. Bonne lecture! http://t.co/8OzaEmSe7p #L\u00e9vis http:/\u2026"
        }, 
        {
            "source": 66, 
            "target": 71, 
            "text": "RT @JournaldeLevis: Voici notre \u00e9dition de cette semaine. En une : Unis pour l'Ukraine. Bonne lecture! http://t.co/8OzaEmSe7p #L\u00e9vis http:/\u2026"
        }, 
        {
            "source": 67, 
            "target": 89, 
            "text": "RT @matthiasrascher: Ear assault in Ukraine: Music as a weapon. http://t.co/ACRET05PRr #music #politics"
        }, 
        {
            "source": 68, 
            "target": 93, 
            "text": "RT @Kasparov63: No. Putin & buddies want to live rich long lives. MT @ThPlayersLounge: Do you see a scenario where Ukraine could lead to wo\u2026"
        }, 
        {
            "source": 69, 
            "target": 106, 
            "text": "#Date360: Nigerian Super Eagles Striker, Brown Ideye Robbed In Ukraine http://t.co/hAbrbLhbaw via @Date360"
        }, 
        {
            "source": 70, 
            "target": 149, 
            "text": "RT @OHwinsAgain: I have just seen my 1st Bob Crow was assassinated because he was about to expose NeoNazis in the Ukraine tweet. Superb #\u2026"
        }, 
        {
            "source": 71, 
            "target": 72, 
            "text": "RT @JournaldeLevis: Voici notre \u00e9dition de cette semaine. En une : Unis pour l'Ukraine. Bonne lecture! http://t.co/8OzaEmSe7p #L\u00e9vis http:/\u2026"
        }, 
        {
            "source": 73, 
            "target": 179, 
            "text": "RT @SkyAnushka: On Ukraine, Cameron said the UK will push for travel bans on prominent Russian MPs if talks fail to materialise over Ukra\u2026"
        }, 
        {
            "source": 74, 
            "target": 118, 
            "text": "RT @sprotiv: \u041e\u0431\u044f\u0437\u0430\u0442\u0435\u043b\u044c\u043d\u043e\u0435! #\u041a\u0440\u044b\u043c #\u041c\u0430\u0439\u0434\u0430\u043d #\u0404\u0432\u0440\u043e\u043c\u0430\u0439\u0434\u0430\u043d #Euromaidan #\u041f\u0443\u0442\u0438\u043d \u0438\u0434\u0438\u043e\u0442 #\u041c\u043e\u0441\u043a\u0432\u0430 #\u0420\u043e\u0441\u0441\u0438\u044f #\u0411\u043e\u043b\u043e\u0442\u043d\u0430\u044f #Crimea #Ukraine http://t.co/DWQaAl\u2026"
        }, 
        {
            "source": 74, 
            "target": 101, 
            "text": "RT @sprotiv: \u041e\u0431\u044f\u0437\u0430\u0442\u0435\u043b\u044c\u043d\u043e\u0435! #\u041a\u0440\u044b\u043c #\u041c\u0430\u0439\u0434\u0430\u043d #\u0404\u0432\u0440\u043e\u043c\u0430\u0439\u0434\u0430\u043d #Euromaidan #\u041f\u0443\u0442\u0438\u043d \u0438\u0434\u0438\u043e\u0442 #\u041c\u043e\u0441\u043a\u0432\u0430 #\u0420\u043e\u0441\u0441\u0438\u044f #\u0411\u043e\u043b\u043e\u0442\u043d\u0430\u044f #Crimea #Ukraine http://t.co/DWQaAl\u2026"
        }, 
        {
            "source": 75, 
            "target": 191, 
            "text": "RT @foreignoffice: Find updates on UK gov's response to situation in #Ukraine: http://t.co/Yh75zUrznR & follow British Ambassador to #Ukrai\u2026"
        }, 
        {
            "source": 75, 
            "target": 86, 
            "text": "RT @foreignoffice: Find updates on UK gov's response to situation in #Ukraine: http://t.co/Yh75zUrznR & follow British Ambassador to #Ukrai\u2026"
        }, 
        {
            "source": 76, 
            "target": 191, 
            "text": "RT @foreignoffice: Find updates on UK gov's response to situation in #Ukraine: http://t.co/Yh75zUrznR & follow British Ambassador to #Ukrai\u2026"
        }, 
        {
            "source": 76, 
            "target": 86, 
            "text": "RT @foreignoffice: Find updates on UK gov's response to situation in #Ukraine: http://t.co/Yh75zUrznR & follow British Ambassador to #Ukrai\u2026"
        }, 
        {
            "source": 76, 
            "target": 103, 
            "text": "Find updates on UK gov's response to situation in #Ukraine: http://t.co/lxpa9NOvLa & follow British Ambassador to #Ukraine @SimonSmithFCO"
        }, 
        {
            "source": 77, 
            "target": 80, 
            "text": "RT @piosmo: Une garde nationale de 20000 H va voir le jour en #Ukraine. Combien de temps durera la retenue de Kiev? Quid des soldats ukr en\u2026"
        }, 
        {
            "source": 78, 
            "target": 208, 
            "text": "RT @Diplomacy140: \u201c@ianbremmer: Crimea prepares for democracy. #ukraine http://t.co/dUh4q8ym6l\u201d Quite graphic"
        }, 
        {
            "source": 79, 
            "target": 106, 
            "text": "#Date360: Nigerian Super Eagles Striker, Brown Ideye Robbed In Ukraine http://t.co/SN9jAgm386 via @Date360"
        }, 
        {
            "source": 81, 
            "target": 84, 
            "text": "U.S. Kicks Off Joint Naval Drills Near Crimea  http://t.co/aZyA1pxjVV @NBCNews\u3055\u3093\u304b\u3089\u3000\u30a2\u30e1\u30ea\u30ab\u306e\u4e16\u8ad6\u8abf\u67fb\u3067\u306f\uff17\uff12%\u304c\u30ed\u30b7\u30a2\u3092\u6575\u3068\u898b\u306a\u3059\u3068\u306e\u7d50\u679c\u304c\u51fa\u305f\u2026\u3000\u6025\u901f\u306b\u7c73\u30ed\u306e\u95a2\u4fc2\u304c\u51b7\u3048\u8fbc\u3093\u3067\u307e\u3059\u306d\u2026"
        }, 
        {
            "source": 82, 
            "target": 87, 
            "text": "RT @StevenErlanger: #Ukraine #Crimea The Russians have now cut off Crimea from Ukraine. Looks permanent. http://t.co/U9vFtrCWYm"
        }, 
        {
            "source": 83, 
            "target": 106, 
            "text": "#Date360: Nigerian Super Eagles Striker, Brown Ideye Robbed In Ukraine http://t.co/SBjyCOzDN2 via @Date360"
        }, 
        {
            "source": 85, 
            "target": 106, 
            "text": "#Date360: Nigerian Super Eagles Striker, Brown Ideye Robbed In Ukraine http://t.co/cobLRv24Ix via @Date360"
        }, 
        {
            "source": 88, 
            "target": 106, 
            "text": "#Date360: Nigerian Super Eagles Striker, Brown Ideye Robbed In Ukraine http://t.co/3mLzJz2T3E via @Date360"
        }, 
        {
            "source": 91, 
            "target": 95, 
            "text": "RT @vivwalt: A great daily primer on #Ukraine from the EastWest Institute http://t.co/dVfIYOqlfj"
        }, 
        {
            "source": 92, 
            "target": 141, 
            "text": "RT @Heritage: -----> Obama Must Show Russia That the United States Supports Ukraine  http://t.co/79nRyUp8ix"
        }, 
        {
            "source": 94, 
            "target": 145, 
            "text": "RT @myrevolutionrus: \u0427\u0430\u0441\u0442\u044c \u0443\u043a\u0440\u0430\u0438\u043d\u0441\u043a\u0438\u0445 \u043f\u0440\u043e\u0432\u0430\u0439\u0434\u0435\u0440\u043e\u0432 \u043e\u0442\u043a\u0430\u0437\u0430\u043b\u0438\u0441\u044c \u043e\u0442\u043a\u043b\u044e\u0447\u0430\u0442\u044c \u0440\u043e\u0441\u0441\u0438\u0439\u0441\u043a\u0438\u0435 \u043a\u0430\u043d\u0430\u043b\u044b. http://t.co/P5PgsYvjEU #\u041a\u0440\u044b\u043c #\u0423\u043a\u0440\u0430\u0438\u043d\u0430 #\u0410\u043d\u0442\u0438\u043c\u0430\u0439\u0434\u0430\u043d"
        }, 
        {
            "source": 96, 
            "target": 106, 
            "text": "#Date360: Nigerian Super Eagles Striker, Brown Ideye Robbed In Ukraine http://t.co/UGJPuLgvIa via @Date360"
        }, 
        {
            "source": 97, 
            "target": 208, 
            "text": "RT @Diplomacy140: \u201c@ianbremmer: Crimea prepares for democracy. #ukraine http://t.co/dUh4q8ym6l\u201d Quite graphic"
        }, 
        {
            "source": 98, 
            "target": 101, 
            "text": "RT @AndriiSpivak: @demalliance \u043f\u0440\u043e\u043f\u043e\u043d\u0443\u044e \u0434\u043e \u0441\u043a\u043e\u0442\u0456\u0432 \u0434\u043e\u0431\u0430\u0432\u0438\u0442\u0438 \u0443\u0432\u0435\u0441\u044c \u0441\u043f\u0438\u0441\u043e\u043a, \u0445\u0430\u0439 \u0442\u0456\u043b\u044c\u043a\u0438 \u043f\u0440\u0438\u0457\u0434\u0443\u0442\u044c \u043d\u0430 \u0433\u0430\u0441\u0442\u0440\u043e\u043b\u0456 http://t.co/DBVJKQgybp"
        }, 
        {
            "source": 99, 
            "target": 101, 
            "text": "RT @AndriiSpivak: @demalliance \u043f\u0440\u043e\u043f\u043e\u043d\u0443\u044e \u0434\u043e \u0441\u043a\u043e\u0442\u0456\u0432 \u0434\u043e\u0431\u0430\u0432\u0438\u0442\u0438 \u0443\u0432\u0435\u0441\u044c \u0441\u043f\u0438\u0441\u043e\u043a, \u0445\u0430\u0439 \u0442\u0456\u043b\u044c\u043a\u0438 \u043f\u0440\u0438\u0457\u0434\u0443\u0442\u044c \u043d\u0430 \u0433\u0430\u0441\u0442\u0440\u043e\u043b\u0456 http://t.co/DBVJKQgybp"
        }, 
        {
            "source": 100, 
            "target": 106, 
            "text": "#Date360: Nigerian Super Eagles Striker, Brown Ideye Robbed In Ukraine http://t.co/2f3TS4urLV via @Date360"
        }, 
        {
            "source": 102, 
            "target": 105, 
            "text": "RT @NickKristof: The streets are aflame not only in Ukraine but also in Venezuela: http://t.co/E049inikgr"
        }, 
        {
            "source": 103, 
            "target": 214, 
            "text": "RT @JanezPotocnikEU: We call on Russian Federation to cease all efforts to annexe Ukraine's autonomous Republic of Crimea @BarrosoEU http\u2026"
        }, 
        {
            "source": 104, 
            "target": 106, 
            "text": "#Date360: Nigerian Super Eagles Striker, Brown Ideye Robbed In Ukraine http://t.co/gx9bSc48YD via @Date360"
        }, 
        {
            "source": 106, 
            "target": 123, 
            "text": "#Date360: Nigerian Super Eagles Striker, Brown Ideye Robbed In Ukraine http://t.co/2Yg92Ijj0k via @Date360"
        }, 
        {
            "source": 106, 
            "target": 126, 
            "text": "#Date360: Nigerian Super Eagles Striker, Brown Ideye Robbed In Ukraine http://t.co/OUq2qOV5Yw via @Date360"
        }, 
        {
            "source": 106, 
            "target": 130, 
            "text": "#Date360: Nigerian Super Eagles Striker, Brown Ideye Robbed In Ukraine http://t.co/xoYJ2RAbMS via @Date360"
        }, 
        {
            "source": 106, 
            "target": 192, 
            "text": "#Date360: Nigerian Super Eagles Striker, Brown Ideye Robbed In Ukraine http://t.co/HOrQWiJTrJ via @Date360"
        }, 
        {
            "source": 106, 
            "target": 204, 
            "text": "#Date360: Nigerian Super Eagles Striker, Brown Ideye Robbed In Ukraine http://t.co/9A9MAGF176 via @Date360"
        }, 
        {
            "source": 106, 
            "target": 166, 
            "text": "#Date360: Nigerian Super Eagles Striker, Brown Ideye Robbed In Ukraine http://t.co/45qD18VNQm via @Date360"
        }, 
        {
            "source": 106, 
            "target": 144, 
            "text": "#Date360: Nigerian Super Eagles Striker, Brown Ideye Robbed In Ukraine http://t.co/WAVi9kP14w via @Date360"
        }, 
        {
            "source": 106, 
            "target": 196, 
            "text": "#Date360: Nigerian Super Eagles Striker, Brown Ideye Robbed In Ukraine http://t.co/ljflsnSLj5 via @Date360"
        }, 
        {
            "source": 106, 
            "target": 211, 
            "text": "#Date360: Nigerian Super Eagles Striker, Brown Ideye Robbed In Ukraine http://t.co/99pD2WOYHo via @Date360"
        }, 
        {
            "source": 106, 
            "target": 213, 
            "text": "#Date360: Nigerian Super Eagles Striker, Brown Ideye Robbed In Ukraine http://t.co/HhWLoEEQsy via @Date360"
        }, 
        {
            "source": 106, 
            "target": 217, 
            "text": "#Date360: Nigerian Super Eagles Striker, Brown Ideye Robbed In Ukraine http://t.co/l0k2vmYYSK via @Date360"
        }, 
        {
            "source": 106, 
            "target": 219, 
            "text": "#Date360: Nigerian Super Eagles Striker, Brown Ideye Robbed In Ukraine http://t.co/YROsARSV6q via @Date360"
        }, 
        {
            "source": 106, 
            "target": 154, 
            "text": "#Date360: Nigerian Super Eagles Striker, Brown Ideye Robbed In Ukraine http://t.co/E13UNLAFaR via @Date360"
        }, 
        {
            "source": 106, 
            "target": 224, 
            "text": "#Date360: Nigerian Super Eagles Striker, Brown Ideye Robbed In Ukraine http://t.co/EeFvvd3Cio via @Date360"
        }, 
        {
            "source": 106, 
            "target": 156, 
            "text": "#Date360: Nigerian Super Eagles Striker, Brown Ideye Robbed In Ukraine http://t.co/fqghwn6wJM via @Date360"
        }, 
        {
            "source": 106, 
            "target": 158, 
            "text": "#Date360: Nigerian Super Eagles Striker, Brown Ideye Robbed In Ukraine http://t.co/V6kv2YdN00 via @Date360"
        }, 
        {
            "source": 106, 
            "target": 197, 
            "text": "#Date360: Nigerian Super Eagles Striker, Brown Ideye Robbed In Ukraine http://t.co/iJ3bZvDsaJ via @Date360"
        }, 
        {
            "source": 106, 
            "target": 165, 
            "text": "#Date360: Nigerian Super Eagles Striker, Brown Ideye Robbed In Ukraine http://t.co/o3OoKzfIjY via @Date360"
        }, 
        {
            "source": 106, 
            "target": 146, 
            "text": "#Date360: Nigerian Super Eagles Striker, Brown Ideye Robbed In Ukraine http://t.co/In1njcYspq via @Date360"
        }, 
        {
            "source": 106, 
            "target": 223, 
            "text": "#Date360: Nigerian Super Eagles Striker, Brown Ideye Robbed In Ukraine http://t.co/eT2sTNJpj2 via @Date360"
        }, 
        {
            "source": 106, 
            "target": 107, 
            "text": "#Date360: Nigerian Super Eagles Striker, Brown Ideye Robbed In Ukraine http://t.co/bmoDK682kq via @Date360"
        }, 
        {
            "source": 106, 
            "target": 162, 
            "text": "#Date360: Nigerian Super Eagles Striker, Brown Ideye Robbed In Ukraine http://t.co/iD9HRVQEog via @Date360"
        }, 
        {
            "source": 106, 
            "target": 157, 
            "text": "#Date360: Nigerian Super Eagles Striker, Brown Ideye Robbed In Ukraine http://t.co/VwJqrMDb4R via @Date360"
        }, 
        {
            "source": 108, 
            "target": 109, 
            "text": "RT @NewelMedia: Bilder des Kalten Krieges: Schwere Vorw\u00fcrfe gegen Ukraine-Politik und Ukraine-Berichterstattung in Duschland! http://t.co/d\u2026"
        }, 
        {
            "source": 110, 
            "target": 111, 
            "text": "RT @BlacklistedNews: Red Line Crossing: Ukraine Effectively Gifts Crimea To Russia, Says http://t.co/wnQJDYZylB"
        }, 
        {
            "source": 112, 
            "target": 113, 
            "text": "RT @Europarl_NL: #Krim wat zal er na #referendum op zondag gebeuren? Meer over #Oekra\u00efne  http://t.co/sz4ADqmel5 http://t.co/jIGVxQeayV"
        }, 
        {
            "source": 114, 
            "target": 142, 
            "text": "RT @graetzi: #Ukraine still has 2-2.5 months of gas imports in storage http://t.co/3BVYSLve3h"
        }, 
        {
            "source": 114, 
            "target": 115, 
            "text": "RT @graetzi: #Ukraine still has 2-2.5 months of gas imports in storage http://t.co/3BVYSLve3h"
        }, 
        {
            "source": 117, 
            "target": 136, 
            "text": "RT @rmadsen54: Obama to Israel, Obama to Ukraine, & Obama to U.S.A...... http://t.co/5H6MAJEHn6"
        }, 
        {
            "source": 120, 
            "target": 121, 
            "text": "@mashable thx...you are featured at @TwineSocial http://t.co/PNDLFfWAz5"
        }, 
        {
            "source": 120, 
            "target": 122, 
            "text": "@mashable thx...you are featured at @TwineSocial http://t.co/PNDLFfWAz5"
        }, 
        {
            "source": 124, 
            "target": 125, 
            "text": "RT @Stopcensorship: #Poroshenko \u0440\u043e\u0437\u0433\u043e\u0440\u043d\u0443\u0432 \u0443 \u0404\u0432\u0440\u043e\u043f\u0430\u0440\u043b\u0430\u043c\u0435\u043d\u0442\u0456 \u043f\u0440\u0430\u043f\u043e\u0440 \u0412\u0456\u0439\u0441\u044c\u043a\u043e\u0432\u043e-\u043c\u043e\u0440\u0441\u044c\u043a\u0438\u0445 \u0441\u0438\u043b \u0417\u0431\u0440\u043e\u0439\u043d\u0438\u0445 \u0421\u0438\u043b \u0423\u043a\u0440\u0430\u0457\u043d\u0438 #EPlenary #Ukraine http://t.c\u2026"
        }, 
        {
            "source": 125, 
            "target": 139, 
            "text": "RT @Stopcensorship: #Poroshenko \u0440\u043e\u0437\u0433\u043e\u0440\u043d\u0443\u0432 \u0443 \u0404\u0432\u0440\u043e\u043f\u0430\u0440\u043b\u0430\u043c\u0435\u043d\u0442\u0456 \u043f\u0440\u0430\u043f\u043e\u0440 \u0412\u0456\u0439\u0441\u044c\u043a\u043e\u0432\u043e-\u043c\u043e\u0440\u0441\u044c\u043a\u0438\u0445 \u0441\u0438\u043b \u0417\u0431\u0440\u043e\u0439\u043d\u0438\u0445 \u0421\u0438\u043b \u0423\u043a\u0440\u0430\u0457\u043d\u0438 #EPlenary #Ukraine http://t.c\u2026"
        }, 
        {
            "source": 128, 
            "target": 225, 
            "text": "Excellent @FPCThinkTank debate on public opinion on #Syria (& #Ukraine) with @AlistairBurtMP @IanCLucas @TJScotto @JoeTwyman @TomCoghlan"
        }, 
        {
            "source": 128, 
            "target": 226, 
            "text": "Excellent @FPCThinkTank debate on public opinion on #Syria (& #Ukraine) with @AlistairBurtMP @IanCLucas @TJScotto @JoeTwyman @TomCoghlan"
        }, 
        {
            "source": 128, 
            "target": 227, 
            "text": "Excellent @FPCThinkTank debate on public opinion on #Syria (& #Ukraine) with @AlistairBurtMP @IanCLucas @TJScotto @JoeTwyman @TomCoghlan"
        }, 
        {
            "source": 128, 
            "target": 228, 
            "text": "Excellent @FPCThinkTank debate on public opinion on #Syria (& #Ukraine) with @AlistairBurtMP @IanCLucas @TJScotto @JoeTwyman @TomCoghlan"
        }, 
        {
            "source": 128, 
            "target": 229, 
            "text": "Excellent @FPCThinkTank debate on public opinion on #Syria (& #Ukraine) with @AlistairBurtMP @IanCLucas @TJScotto @JoeTwyman @TomCoghlan"
        }, 
        {
            "source": 128, 
            "target": 230, 
            "text": "Excellent @FPCThinkTank debate on public opinion on #Syria (& #Ukraine) with @AlistairBurtMP @IanCLucas @TJScotto @JoeTwyman @TomCoghlan"
        }, 
        {
            "source": 131, 
            "target": 132, 
            "text": "RT @888i888: \u0410 \u043d\u0438\u043a\u0442\u043e \u0440\u0430\u043d\u044c\u0448\u0435 \u043d\u0435 \u0437\u0430\u043c\u0435\u0447\u0430\u043b? #Ukraine #Crimea #Russia #\u0423\u043a\u0440\u0430\u0438\u043d\u0430 #\u041a\u0440\u044b\u043c http://t.co/s7zUr05JRz"
        }, 
        {
            "source": 133, 
            "target": 134, 
            "text": "Two cities embody Ukraine\u2019s tug of war between East and West via @washingtonpost \u30af\u30ea\u30df\u30a2\u306e\u4f4f\u6c11\u6295\u7968\u306f\u901a\u308b\u3002\u30de\u30fc\u30b1\u30c3\u30c8\u306f\u5236\u88c1\u306e\u30a4\u30f3\u30d1\u30af\u30c8\u6b21\u7b2c\u3002 http://t.co/yr3Dgp2Ia4"
        }, 
        {
            "source": 135, 
            "target": 150, 
            "text": "RT @b_judah: Scribbling thoughts for @politico experts roundtable down how US needs to stop Britain's political class putting its bankers b\u2026"
        }, 
        {
            "source": 137, 
            "target": 140, 
            "text": "RT @BBCWorld: There is another Russia - The Russians opposed to Putin's military action in #Ukraine http://t.co/CudUeCL8xE http://t.co/nh\u2026"
        }, 
        {
            "source": 137, 
            "target": 151, 
            "text": "RT @BBCWorld: There is another Russia - The Russians opposed to Putin's military action in #Ukraine http://t.co/CudUeCL8xE http://t.co/nh\u2026"
        }, 
        {
            "source": 138, 
            "target": 193, 
            "text": "RT @science_boffin: #Russian #invasion of #Ukraine will mean they control 25% of World #grain http://t.co/sMPoFs2hHJ. Wake up #Europe and #\u2026"
        }, 
        {
            "source": 147, 
            "target": 153, 
            "text": "RT @Number10gov: Read the PM\u2019s speech at the close of the EU leaders\u2019 meeting on Ukraine: http://t.co/IEBjhtOTyK"
        }, 
        {
            "source": 148, 
            "target": 202, 
            "text": "RT @lachecarlo: How Russia attacks Ukraine. The occupation plans of Kremlin #\u043a\u0440\u044b\u043c #ukraine  #caucasus  #\u0423\u043a\u0440\u0430\u0438\u043d\u0430 #ukraine http://t.co/RjXURY\u2026"
        }, 
        {
            "source": 150, 
            "target": 180, 
            "text": "RT @b_judah: Scribbling thoughts for @politico experts roundtable down how US needs to stop Britain's political class putting its bankers b\u2026"
        }, 
        {
            "source": 155, 
            "target": 202, 
            "text": "RT @lachecarlo: Russia is NOT big country! It is a big COLONIAL regime of many NON-RUSSIAN peoples #russia #ukraine #crimea #caucasus http:\u2026"
        }, 
        {
            "source": 159, 
            "target": 233, 
            "text": "RT @ChristopherJM: 3 women reportedly kidnapped in #Crimea are alive and well. They're expected to speak to press soon about details. http:\u2026"
        }, 
        {
            "source": 160, 
            "target": 161, 
            "text": "RT @noclador: @BSpringnote Putin: Accept the loss of #Crimea or I invade Eastern #Ukraine! Kyiv: Ok, ok. Putin to himself: What wimps! Let'\u2026"
        }, 
        {
            "source": 161, 
            "target": 163, 
            "text": "RT @noclador: @BSpringnote Putin: Accept the loss of #Crimea or I invade Eastern #Ukraine! Kyiv: Ok, ok. Putin to himself: What wimps! Let'\u2026"
        }, 
        {
            "source": 164, 
            "target": 167, 
            "text": "RT @tefi_ru: \u0427\u0430\u0441\u0442\u044c \u0443\u043a\u0440\u0430\u0438\u043d\u0441\u043a\u0438\u0445 \u043f\u0440\u043e\u0432\u0430\u0439\u0434\u0435\u0440\u043e\u0432 \u043e\u0442\u043a\u0430\u0437\u0430\u043b\u0438\u0441\u044c \u043e\u0442\u043a\u043b\u044e\u0447\u0430\u0442\u044c \u0440\u043e\u0441\u0441\u0438\u0439\u0441\u043a\u0438\u0435 \u043a\u0430\u043d\u0430\u043b\u044b: http://t.co/dWz5ZIqmVX"
        }, 
        {
            "source": 168, 
            "target": 169, 
            "text": "RT @David_Cameron: I've been speaking to @BarackObama about the situation in Ukraine. We are united in condemnation of Russia's actions. ht\u2026"
        }, 
        {
            "source": 169, 
            "target": 171, 
            "text": "RT @David_Cameron: I've been speaking to @BarackObama about the situation in Ukraine. We are united in condemnation of Russia's actions. ht\u2026"
        }, 
        {
            "source": 170, 
            "target": 172, 
            "text": "RT @outsidethewire2: Great blog @ThePeoplesCube   Former Soviet Propaganda Artist Sees Echos of Cold War In Ukraine Debate http://t.co/u0gU\u2026"
        }, 
        {
            "source": 170, 
            "target": 173, 
            "text": "RT @outsidethewire2: Great blog @ThePeoplesCube   Former Soviet Propaganda Artist Sees Echos of Cold War In Ukraine Debate http://t.co/u0gU\u2026"
        }, 
        {
            "source": 174, 
            "target": 177, 
            "text": "Lyubov Shishelina @Russian_Council on #V4's appeal to the #EU to speed up #Ukraine's eurointegration (RU): http://t.co/BZEYILbmUU"
        }, 
        {
            "source": 175, 
            "target": 209, 
            "text": "RT @EuromaidanPR: #Russian ruble is \u0441atastrophic devalued today -investing.com |PR News #Russia #Ukraine #CrimeaInvasion http://t.co/I7IeeO\u2026"
        }, 
        {
            "source": 181, 
            "target": 222, 
            "text": "RT @ronzheimer: Mit diesem Flieger der Bundeswehr werden gleich Verletzte aus Kiew nach Deutschland ausgeflogen #Ukraine @BILD http://t.co/\u2026"
        }, 
        {
            "source": 182, 
            "target": 222, 
            "text": "RT @ronzheimer: Mit diesem Flieger der Bundeswehr werden gleich Verletzte aus Kiew nach Deutschland ausgeflogen #Ukraine @BILD http://t.co/\u2026"
        }, 
        {
            "source": 183, 
            "target": 184, 
            "text": "George Soros to @flacqua: Ukraine is a wake up call for Europe: http://t.co/p59SWfv0Jy"
        }, 
        {
            "source": 185, 
            "target": 186, 
            "text": "@Netzblockierer Fragen wir @Klitschko einfach. Herr @Klitschko sind die E-Mails echt? http://t.co/mubur77pJz Wie weit w\u00fcrden Sie gehen?"
        }, 
        {
            "source": 186, 
            "target": 188, 
            "text": "@Netzblockierer Fragen wir @Klitschko einfach. Herr @Klitschko sind die E-Mails echt? http://t.co/mubur77pJz Wie weit w\u00fcrden Sie gehen?"
        }, 
        {
            "source": 187, 
            "target": 232, 
            "text": "RT @nordensk: Nordic Council call on the Russian Federation to withdraw its armed forces and postpones visit to Murmansk http://t.co/TYCTGr\u2026"
        }, 
        {
            "source": 189, 
            "target": 190, 
            "text": "@antipn @JUmpIN11 C'est pas de la propagande ! La Russie est un grand fr\u00e8re qui veut \u00e9viter les mauvaise fr\u00e9quentations \u00e0 sa s\u0153ur Ukraine."
        }, 
        {
            "source": 194, 
            "target": 195, 
            "text": "RT @uacrisis: Parubiy: we call 20K Ukrainian voluteers to organize National Guard of #Ukraine. #stopputin #CrimeaInvasion"
        }, 
        {
            "source": 198, 
            "target": 201, 
            "text": "RT @vicenews: ...I SAID STAND STILL...I'LL SHOOT TO KILL! - Russian soldiers, while arresting our team in #Ukraine. https://t.co/CEUupK25\u2026"
        }, 
        {
            "source": 200, 
            "target": 203, 
            "text": "RT @_ajit8_: #youtube Celente: US ignores own law in aiding post-coup Ukraine govt http://t.co/p3JUOG7kkc"
        }, 
        {
            "source": 202, 
            "target": 205, 
            "text": "RT @lachecarlo: Russia is NOT big country! It is a big COLONIAL regime of many NON-RUSSIAN peoples #russia #ukraine #crimea #caucasus http:\u2026"
        }, 
        {
            "source": 206, 
            "target": 207, 
            "text": "RT @pwaldieGLOBE: #Ukraine security official says more than 3,000 Russians stopped from entering country."
        }, 
        {
            "source": 209, 
            "target": 220, 
            "text": "RT @EuromaidanPR: Andriy Parubiy, Secretary of National Security & Defense Council: #Ukraine faces a threat of a full-scale intervention. p\u2026"
        }, 
        {
            "source": 212, 
            "target": 221, 
            "text": "RT @McFaul: \u0417\u0430\u0432\u0442\u0440\u0430 \u0431\u0443\u0434\u0443 \u0413\u043e\u0441\u0434\u0435\u043f \u0438 \u0411\u0435\u043b\u044b\u0439 \u0414\u043e\u043c. \u0422\u0435\u043c\u0430 - Ukraine."
        }, 
        {
            "source": 215, 
            "target": 218, 
            "text": "RT @lisa_alba: @Alanlsg people like Cheney want to blow up the planet =>>Dick Cheney Assaults Obama On Handling Of Ukraine http://t.co/k0Xf\u2026"
        }, 
        {
            "source": 216, 
            "target": 218, 
            "text": "RT @lisa_alba: @Alanlsg people like Cheney want to blow up the planet =>>Dick Cheney Assaults Obama On Handling Of Ukraine http://t.co/k0Xf\u2026"
        }, 
        {
            "source": 231, 
            "target": 232, 
            "text": "RT @Europarl_DE: #EPlenum: Invasion der #Ukraine durch Russland. Jetzt live Debatte mit Kommission & Rat vor EU-Gipfel #EUCO http://t.co/Nn\u2026"
        }
    ]
}