{"nodes":[
{"name":"Origen1"},
{"name":"Origen2"},
{"name":"Origen3"},
{"name":"Intermedio1"},
{"name":"Intermedio2"},
{"name":"Intermedio3"},
{"name":"Final1"},
{"name":"Final2"},
{"name":"Final3"},
{"name":"Final4"},
{"name":"SuperFinal1"}
],
"links":[
{"source":0,"target":3,"value":12.4729},
{"source":0,"target":4,"value":12.4729},
{"source":1,"target":3,"value":0.597},
{"source":1,"target":4,"value":26.862},
{"source":1,"target":5,"value":28.0322},
{"source":2,"target":5,"value":8.1144},
{"source":3,"target":6,"value":1.401},
{"source":3,"target":7,"value":4},
{"source":3,"target":8,"value":10},
{"source":3,"target":9,"value":1.8},
{"source":4,"target":6,"value":1.401},
{"source":4,"target":7,"value":4},
{"source":4,"target":9,"value":1.8},
{"source":5,"target":7,"value":4},
{"source":5,"target":8,"value":5},
{"source":6,"target":10,"value":7},
{"source":7,"target":10,"value":7},
{"source":8,"target":10,"value":3},
{"source":9,"target":10,"value":7}
]}
