{
    "20130624": [
        {
            "text":"ciego",
            "size":5
        },
        {
            "text": "todos", 
            "size": 3
        }, 
        {
            "text": "dice", 
            "size": 2
        }, 
        {
            "text": "noticia", 
            "size": 2
        }, 
        {
            "text": "cosas", 
            "size": 2
        }, 
        {
            "text": "poco", 
            "size": 2
        }, 
        {
            "text": "mayormente", 
            "size": 2
        },
        {
            "text": "fuese",
            "size": 2
        }
    ],
    "20130625": [
        {
            "text": "ciego", 
            "size": 28
        }, 
        {
            "text": "hab\u00eda", 
            "size": 22
        }, 
        {
            "text": "vino", 
            "size": 19
        }, 
        {
            "text": "ten\u00eda", 
            "size": 16
        }, 
        {
            "text": "mal", 
            "size": 15
        }, 
        {
            "text": "dios", 
            "size": 13
        }, 
        {
            "text": "dec\u00eda", 
            "size": 12
        }, 
        {
            "text": "jarro", 
            "size": 11
        }, 
        {
            "text": "aunque", 
            "size": 11
        }, 
        {
            "text": "madre", 
            "size": 11
        }, 
        {
            "text": "luego", 
            "size": 11
        }, 
        {
            "text": "dijo", 
            "size": 11
        }
    ], 
    "20130626": [
        {
            "text": "hab\u00eda", 
            "size": 18
        }, 
        {
            "text": "d\u00eda", 
            "size": 16
        }, 
        {
            "text": "arca", 
            "size": 16
        }, 
        {
            "text": "ten\u00eda", 
            "size": 16
        }, 
        {
            "text": "dios", 
            "size": 14
        }, 
        {
            "text": "noche", 
            "size": 14
        }, 
        {
            "text": "llave", 
            "size": 13
        }, 
        {
            "text": "amo", 
            "size": 13
        }, 
        {
            "text": "luego", 
            "size": 12
        }, 
        {
            "text": "hambre", 
            "size": 12
        }, 
        {
            "text": "comer", 
            "size": 12
        }, 
        {
            "text": "casa", 
            "size": 12
        }
    ], 
    "20130627": [
        {
            "text": "casa", 
            "size": 31
        }, 
        {
            "text": "se\u00f1or", 
            "size": 30
        }, 
        {
            "text": "dios", 
            "size": 29
        }, 
        {
            "text": "hab\u00eda", 
            "size": 28
        }, 
        {
            "text": "amo", 
            "size": 28
        }, 
        {
            "text": "dije", 
            "size": 24
        }, 
        {
            "text": "d\u00eda", 
            "size": 17
        }, 
        {
            "text": "aunque", 
            "size": 17
        }, 
        {
            "text": "comer", 
            "size": 16
        }, 
        {
            "text": "puerta", 
            "size": 16
        }, 
        {
            "text": "ella", 
            "size": 15
        }, 
        {
            "text": "pan", 
            "size": 15
        }
    ], 
    "20130628": [
        {
            "text": "merced", 
            "size": 2
        }, 
        {
            "text": "zapatos", 
            "size": 2
        }, 
        {
            "text": "convento", 
            "size": 2
        }, 
        {
            "text": "digo", 
            "size": 2
        }, 
        {
            "text": "fraile", 
            "size": 2
        }, 
        {
            "text": "amic\u00edsimo", 
            "size": 1
        }, 
        {
            "text": "fuera", 
            "size": 1
        }, 
        {
            "text": "perdido", 
            "size": 1
        }, 
        {
            "text": "pariente", 
            "size": 1
        }, 
        {
            "text": "\u00e9ste", 
            "size": 1
        }, 
        {
            "text": "otras", 
            "size": 1
        }, 
        {
            "text": "l\u00e1zaro", 
            "size": 1
        }
    ], 
    "20130629": [
        {
            "text": "amo", 
            "size": 21
        }, 
        {
            "text": "se\u00f1or", 
            "size": 19
        }, 
        {
            "text": "bula", 
            "size": 17
        }, 
        {
            "text": "hab\u00eda", 
            "size": 16
        }, 
        {
            "text": "ans\u00ed", 
            "size": 14
        }, 
        {
            "text": "alguacil", 
            "size": 14
        }, 
        {
            "text": "todos", 
            "size": 14
        }, 
        {
            "text": "cruz", 
            "size": 12
        }, 
        {
            "text": "tomar", 
            "size": 11
        }, 
        {
            "text": "all\u00ed", 
            "size": 11
        }, 
        {
            "text": "bulas", 
            "size": 10
        }, 
        {
            "text": "santa", 
            "size": 10
        }
    ], 
    "20130630": [
        {
            "text": "d\u00eda", 
            "size": 2
        }, 
        {
            "text": "amo", 
            "size": 2
        }, 
        {
            "text": "asno", 
            "size": 2
        }, 
        {
            "text": "maraved\u00eds", 
            "size": 2
        }, 
        {
            "text": "oficio", 
            "size": 2
        }, 
        {
            "text": "capell\u00e1n", 
            "size": 2
        }, 
        {
            "text": "treinta", 
            "size": 2
        }, 
        {
            "text": "buen", 
            "size": 2
        }, 
        {
            "text": "cuatro", 
            "size": 2
        }, 
        {
            "text": "entrando", 
            "size": 1
        }, 
        {
            "text": "ra\u00eddo", 
            "size": 1
        }, 
        {
            "text": "frisada", 
            "size": 1
        }
    ], 
    "20130701": [
        {
            "text": "ella", 
            "size": 7
        }, 
        {
            "text": "mujer", 
            "size": 6
        }, 
        {
            "text": "se\u00f1or", 
            "size": 6
        }, 
        {
            "text": "d\u00eda", 
            "size": 5
        }, 
        {
            "text": "dios", 
            "size": 5
        }, 
        {
            "text": "amo", 
            "size": 5
        }, 
        {
            "text": "merced", 
            "size": 4
        }, 
        {
            "text": "hab\u00eda", 
            "size": 4
        }, 
        {
            "text": "vuestra", 
            "size": 4
        }, 
        {
            "text": "algo", 
            "size": 4
        }, 
        {
            "text": "hasta", 
            "size": 4
        }, 
        {
            "text": "buena", 
            "size": 4
        }
    ]
}