{
    "nodes": [
        {
            "centralidad": 0.0, 
            "name": "secgen", 
            "img": "undefined"
        }, 
        {
            "centralidad": 0.0, 
            "name": "pippo_Inzaghi9", 
            "img": "http://pbs.twimg.com/profile_images/378800000579483484/98798aeb6f1aeab172d006e8edb39b7f_normal.jpeg"
        }, 
        {
            "centralidad": 3.6998668047950272e-05, 
            "name": "UKLPSL", 
            "img": "http://pbs.twimg.com/profile_images/1107884941/BlueLotusFlower_normal.jpg"
        }, 
        {
            "centralidad": 0.0, 
            "name": "JohnKerry", 
            "img": "undefined"
        }, 
        {
            "centralidad": 0.0, 
            "name": "Daneel1976", 
            "img": "http://pbs.twimg.com/profile_images/3675142884/f80e10734bf858e80b733b9ce91e09ac_normal.jpeg"
        }, 
        {
            "centralidad": 0.0, 
            "name": "yetiblog", 
            "img": "http://pbs.twimg.com/profile_images/1849973486/yetilogo_normal.jpg"
        }, 
        {
            "centralidad": 0.0, 
            "name": "LourdesV13", 
            "img": "http://pbs.twimg.com/profile_images/427140179929743361/oFoaYKFJ_normal.jpeg"
        }, 
        {
            "centralidad": 0.0, 
            "name": "Juanshot_", 
            "img": "http://pbs.twimg.com/profile_images/433007096142237696/0wXD3uOV_normal.jpeg"
        }, 
        {
            "centralidad": 0.0, 
            "name": "cashkurs", 
            "img": "undefined"
        }, 
        {
            "centralidad": 0.0, 
            "name": "gensysarm", 
            "img": "http://abs.twimg.com/sticky/default_profile_images/default_profile_6_normal.png"
        }, 
        {
            "centralidad": 0.0, 
            "name": "MoscowTimes", 
            "img": "undefined"
        }, 
        {
            "centralidad": 0.0, 
            "name": "GoldenTalon", 
            "img": "http://pbs.twimg.com/profile_images/424705004/Jinho_headshot_normal.jpg"
        }, 
        {
            "centralidad": 0.0, 
            "name": "iamFREEMANOH", 
            "img": "http://pbs.twimg.com/profile_images/419910938133676032/TjbZFjBv_normal.jpeg"
        }, 
        {
            "centralidad": 0.0, 
            "name": "Europarl_EN", 
            "img": "undefined"
        }, 
        {
            "centralidad": 0.00022199200828770165, 
            "name": "BarrosoEU", 
            "img": "http://pbs.twimg.com/profile_images/3113059588/1545177f01f391b31c345a32ad0f03cc_normal.jpeg"
        }, 
        {
            "centralidad": 0.0, 
            "name": "ppenzini", 
            "img": "http://pbs.twimg.com/profile_images/443691435716784128/4RUdEBPN_normal.jpeg"
        }, 
        {
            "centralidad": 0.0, 
            "name": "Davincii_lee", 
            "img": "http://pbs.twimg.com/profile_images/423948331661135873/pTNmXhv9_normal.jpeg"
        }, 
        {
            "centralidad": 0.0, 
            "name": "nababsg", 
            "img": "http://pbs.twimg.com/profile_images/440748152313094144/br0qquMB_normal.jpeg"
        }, 
        {
            "centralidad": 0.0, 
            "name": "MDaisy8", 
            "img": "undefined"
        }, 
        {
            "centralidad": 0.0, 
            "name": "Dinesco", 
            "img": "http://pbs.twimg.com/profile_images/428595675274551296/6TtSr9ui_normal.jpeg"
        }, 
        {
            "centralidad": 0.00077697202900695571, 
            "name": "indignadosvene2", 
            "img": "http://pbs.twimg.com/profile_images/441091903946493952/S2FjzW4D_normal.jpeg"
        }, 
        {
            "centralidad": 0.0, 
            "name": "RegSprecher", 
            "img": "undefined"
        }, 
        {
            "centralidad": 0.0, 
            "name": "Humankonzept", 
            "img": "http://pbs.twimg.com/profile_images/378800000418306186/1b88702bbdb3daf6edab36baf76baaf0_normal.jpeg"
        }, 
        {
            "centralidad": 0.0, 
            "name": "asya_lugovska", 
            "img": "http://pbs.twimg.com/profile_images/2743028064/821ff473de442e13d9722ccb2c08088e_normal.jpeg"
        }, 
        {
            "centralidad": 0.0, 
            "name": "SimondForbes", 
            "img": "http://pbs.twimg.com/profile_images/435080174908874753/5DhU43nV_normal.jpeg"
        }, 
        {
            "centralidad": 0.0, 
            "name": "Syriz_", 
            "img": "http://pbs.twimg.com/profile_images/420435324196491264/zFGrksuW_normal.jpeg"
        }, 
        {
            "centralidad": 0.00092496670119875677, 
            "name": "myroslavapetsa", 
            "img": "http://pbs.twimg.com/profile_images/1538955842/ukr_pravda_normal.jpg"
        }, 
        {
            "centralidad": 0.0, 
            "name": "AIex37", 
            "img": "http://pbs.twimg.com/profile_images/442811943221735424/zg5w-3NK_normal.jpeg"
        }, 
        {
            "centralidad": 0.0, 
            "name": "anti_maydan", 
            "img": "http://pbs.twimg.com/profile_images/438406773993504768/f09baz4P_normal.jpeg"
        }, 
        {
            "centralidad": 0.0, 
            "name": "vitalys", 
            "img": "http://pbs.twimg.com/profile_images/87013187/wit-pirat_normal.jpg"
        }, 
        {
            "centralidad": 0.0, 
            "name": "JUmpIN11", 
            "img": "undefined"
        }, 
        {
            "centralidad": 0.0, 
            "name": "SWajAli", 
            "img": "http://pbs.twimg.com/profile_images/424988900528906240/Yt8rnfaM_normal.jpeg"
        }, 
        {
            "centralidad": 0.0, 
            "name": "LorLiga", 
            "img": "http://pbs.twimg.com/profile_images/378800000067950890/9dc887529e5e9f91c0a126d174b63357_normal.jpeg"
        }, 
        {
            "centralidad": 0.0, 
            "name": "Dim_Serebro", 
            "img": "http://pbs.twimg.com/profile_images/439745300022820864/l8Oo-JoG_normal.jpeg"
        }, 
        {
            "centralidad": 0.0016649400621577622, 
            "name": "EastOfBrussels", 
            "img": "http://pbs.twimg.com/profile_images/378800000778932274/13077d53862e3eb0bdd4e9f12eaa5147_normal.jpeg"
        }, 
        {
            "centralidad": 0.0, 
            "name": "1StateoftheCity", 
            "img": "http://pbs.twimg.com/profile_images/2419210475/0lykmiwdimsjbl0l5dms_normal.jpeg"
        }, 
        {
            "centralidad": 0.00022199200828770165, 
            "name": "rhabarbeer", 
            "img": "http://pbs.twimg.com/profile_images/1853006389/foto2_normal.jpg"
        }, 
        {
            "centralidad": 0.0, 
            "name": "gregorianab", 
            "img": "http://abs.twimg.com/sticky/default_profile_images/default_profile_5_normal.png"
        }, 
        {
            "centralidad": 0.0, 
            "name": "sarajlija1971", 
            "img": "http://pbs.twimg.com/profile_images/432973932925157377/S4Z0n1wR_normal.png"
        }, 
        {
            "centralidad": 0.0, 
            "name": "BUSINESSricardo", 
            "img": "http://pbs.twimg.com/profile_images/431295543952687104/-orzzNUL_normal.jpeg"
        }, 
        {
            "centralidad": 0.0, 
            "name": "SBSNews", 
            "img": "undefined"
        }, 
        {
            "centralidad": 0.0, 
            "name": "flykiddy", 
            "img": "http://pbs.twimg.com/profile_images/443061171839827968/BL_vjuQw_normal.jpeg"
        }, 
        {
            "centralidad": 0.0, 
            "name": "kennyhage", 
            "img": "http://abs.twimg.com/sticky/default_profile_images/default_profile_3_normal.png"
        }, 
        {
            "centralidad": 0.0, 
            "name": "johhny_cute", 
            "img": "http://pbs.twimg.com/profile_images/2648172409/7e3f06663c54c573400e3618231f90f4_normal.jpeg"
        }, 
        {
            "centralidad": 0.0, 
            "name": "nataliya_myshko", 
            "img": "http://pbs.twimg.com/profile_images/428918108183474178/8e39P8bK_normal.jpeg"
        }, 
        {
            "centralidad": 0.0, 
            "name": "AnDabrowski", 
            "img": "http://pbs.twimg.com/profile_images/430655885518856192/6vrh3Qgm_normal.jpeg"
        }, 
        {
            "centralidad": 0.0, 
            "name": "tnr", 
            "img": "undefined"
        }, 
        {
            "centralidad": 0.00022199200828770165, 
            "name": "UkraineReview", 
            "img": "http://pbs.twimg.com/profile_images/443107686490832897/yfMigOSI_normal.jpeg"
        }, 
        {
            "centralidad": 0.0012209560455823589, 
            "name": "MilaU5", 
            "img": "http://pbs.twimg.com/profile_images/378800000145659865/ee178b4afec95125c1dc16771e002fa4_normal.jpeg"
        }, 
        {
            "centralidad": 0.0, 
            "name": "lanshy", 
            "img": "http://pbs.twimg.com/profile_images/3297686357/615d82d271a4e69939d7c57030fac38c_normal.jpeg"
        }, 
        {
            "centralidad": 0.0, 
            "name": "EP_ForeignAff", 
            "img": "http://pbs.twimg.com/profile_images/3318773042/a22bd846c1057c55cf6342f76ca08d7d_normal.jpeg"
        }, 
        {
            "centralidad": 0.0, 
            "name": "yuakira1", 
            "img": "undefined"
        }, 
        {
            "centralidad": 0.0, 
            "name": "_ajit8", 
            "img": "http://pbs.twimg.com/profile_images/1606067016/b9cbee78-cad5-4438-8c9e-b4681476301e_normal.png"
        }, 
        {
            "centralidad": 0.0, 
            "name": "lindseyhilsum", 
            "img": "undefined"
        }, 
        {
            "centralidad": 0.0, 
            "name": "iwakamiyasumi", 
            "img": "http://pbs.twimg.com/profile_images/2319000659/5sj6czy7ifq3a6hijkxn_normal.jpeg"
        }, 
        {
            "centralidad": 0.0, 
            "name": "justice_lounge", 
            "img": "http://pbs.twimg.com/profile_images/3276020893/acaf6e86f76868868eed413fc3c13d26_normal.jpeg"
        }, 
        {
            "centralidad": 0.0, 
            "name": "JackRusselBitch", 
            "img": "http://pbs.twimg.com/profile_images/1606064811/0e5784b1-db29-46d8-a5d7-a9aac3103e90_normal.png"
        }, 
        {
            "centralidad": 3.6998668047950272e-05, 
            "name": "olgatokariuk", 
            "img": "http://pbs.twimg.com/profile_images/438641937693044736/UW6Kw0Wg_normal.jpeg"
        }, 
        {
            "centralidad": 0.0, 
            "name": "DavidPi992000", 
            "img": "http://abs.twimg.com/sticky/default_profile_images/default_profile_5_normal.png"
        }, 
        {
            "centralidad": 0.0, 
            "name": "don_chubby", 
            "img": "http://pbs.twimg.com/profile_images/3256635671/84624a4685fb96f1069cd6cbccd6b437_normal.jpeg"
        }, 
        {
            "centralidad": 0.0, 
            "name": "rtl_aktuell", 
            "img": "undefined"
        }, 
        {
            "centralidad": 0.0, 
            "name": "Chocol8ty", 
            "img": "http://pbs.twimg.com/profile_images/378800000856446088/B5AP3idt_normal.jpeg"
        }, 
        {
            "centralidad": 0.0, 
            "name": "ShopRiteAbuja", 
            "img": "http://pbs.twimg.com/profile_images/3108933232/736c968efdec2876a55c121e2fab0d88_normal.jpeg"
        }, 
        {
            "centralidad": 0.0, 
            "name": "ThPlayersLounge", 
            "img": "undefined"
        }, 
        {
            "centralidad": 0.0, 
            "name": "quiron1960", 
            "img": "http://pbs.twimg.com/profile_images/637050557/43785887_normal.jpg"
        }, 
        {
            "centralidad": 0.0, 
            "name": "raphlavoie", 
            "img": "http://pbs.twimg.com/profile_images/1932573747/IMGP3595_normal.jpg"
        }, 
        {
            "centralidad": 0.0, 
            "name": "erickdeschenes", 
            "img": "http://pbs.twimg.com/profile_images/378800000679452750/14f6362f3ebc22cf5b3c93fd57e2a69f_normal.jpeg"
        }, 
        {
            "centralidad": 0.0, 
            "name": "ergioval", 
            "img": "http://pbs.twimg.com/profile_images/378800000633516509/30a18530e07baa64ceca795be31b72f0_normal.jpeg"
        }, 
        {
            "centralidad": 0.0, 
            "name": "Kasparov63", 
            "img": "http://pbs.twimg.com/profile_images/1721487055/twitter-icon_normal.jpg"
        }, 
        {
            "centralidad": 0.0, 
            "name": "newsdispenser", 
            "img": "http://pbs.twimg.com/profile_images/2668783953/f8b01522904c8e501920fa115eca8ee2_normal.jpeg"
        }, 
        {
            "centralidad": 0.0, 
            "name": "OHwinsAgain", 
            "img": "http://pbs.twimg.com/profile_images/422718981544243200/oFbvAJtY_normal.jpeg"
        }, 
        {
            "centralidad": 0.00011099600414385082, 
            "name": "JournaldeLevis", 
            "img": "http://pbs.twimg.com/profile_images/378800000859996767/--rAe8sf_normal.jpeg"
        }, 
        {
            "centralidad": 0.0, 
            "name": "CynineCa", 
            "img": "http://abs.twimg.com/sticky/default_profile_images/default_profile_0_normal.png"
        }, 
        {
            "centralidad": 0.0, 
            "name": "AliBunkallSKY", 
            "img": "http://pbs.twimg.com/profile_images/378800000814721066/87d8da7971502aa451623eadf4f08245_normal.jpeg"
        }, 
        {
            "centralidad": 7.3997336095900544e-05, 
            "name": "sprotiv", 
            "img": "http://pbs.twimg.com/profile_images/804662234/sprotiv_logo_normal.png"
        }, 
        {
            "centralidad": 3.6998668047950272e-05, 
            "name": "foreignoffice", 
            "img": "http://pbs.twimg.com/profile_images/378800000797560005/911228fea5ee805af29d5d0d2af45ab5_normal.jpeg"
        }, 
        {
            "centralidad": 0.0, 
            "name": "SimonSmithFCO", 
            "img": "undefined"
        }, 
        {
            "centralidad": 0.0, 
            "name": "FPM_Paris", 
            "img": "http://pbs.twimg.com/profile_images/412645318405013504/BoT-pfIC_normal.jpeg"
        }, 
        {
            "centralidad": 0.0, 
            "name": "ianbremmer", 
            "img": "http://pbs.twimg.com/profile_images/378800000679633913/98083d4c7a61c7d210d8c97b66c45605_normal.jpeg"
        }, 
        {
            "centralidad": 0.0, 
            "name": "atmoney1", 
            "img": "http://pbs.twimg.com/profile_images/3475034398/2f2effb1172c1afe7a7b1978bde351fa_normal.jpeg"
        }, 
        {
            "centralidad": 0.0, 
            "name": "piosmo", 
            "img": "http://pbs.twimg.com/profile_images/1425891176/t_te_DALI_normal.jpg"
        }, 
        {
            "centralidad": 0.0, 
            "name": "NBCNews", 
            "img": "undefined"
        }, 
        {
            "centralidad": 0.0, 
            "name": "amauryreyes", 
            "img": "http://pbs.twimg.com/profile_images/3652126666/e0c7b9d16d0085b6cce51665314ba59f_normal.jpeg"
        }, 
        {
            "centralidad": 0.0, 
            "name": "Mikibrownoz", 
            "img": "http://pbs.twimg.com/profile_images/429273386091831296/-be_m3V0_normal.jpeg"
        }, 
        {
            "centralidad": 0.0, 
            "name": "rekisilove1", 
            "img": "http://pbs.twimg.com/profile_images/378800000318269956/f8c72de5760c1d366de0317a99ed6b2b_normal.jpeg"
        }, 
        {
            "centralidad": 0.0, 
            "name": "myAlexxan", 
            "img": "http://pbs.twimg.com/profile_images/2377149217/IMG-20120227-00304_normal.jpg"
        }, 
        {
            "centralidad": 0.0, 
            "name": "mjohnsonFCO", 
            "img": "http://pbs.twimg.com/profile_images/420224402915983362/-ojErFd8_normal.jpeg"
        }, 
        {
            "centralidad": 0.0, 
            "name": "StevenErlanger", 
            "img": "http://pbs.twimg.com/profile_images/1676794040/me_iowa_normal.jpg"
        }, 
        {
            "centralidad": 0.0, 
            "name": "AtoyebiJoseph", 
            "img": "http://pbs.twimg.com/profile_images/2762320327/64bc679c180aaf836f10d36fe8f71d62_normal.jpeg"
        }, 
        {
            "centralidad": 0.0, 
            "name": "matthiasrascher", 
            "img": "http://pbs.twimg.com/profile_images/1525234285/Infoveranstaltung_f._5._Kl._2010-5kl_normal.jpg"
        }, 
        {
            "centralidad": 0.0, 
            "name": "jpgomezleon", 
            "img": "http://pbs.twimg.com/profile_images/3523246472/2ac5bbe62878c71a50662b8b8a8313f4_normal.jpeg"
        }, 
        {
            "centralidad": 0.0, 
            "name": "vivwalt", 
            "img": "http://pbs.twimg.com/profile_images/2161740976/Atop_Bab_al-Aziziya_crop_normal.jpg"
        }, 
        {
            "centralidad": 0.0, 
            "name": "Heritage", 
            "img": "http://pbs.twimg.com/profile_images/378800000629331830/05cf91a6ba6c728f2a48244e139c906f_normal.jpeg"
        }, 
        {
            "centralidad": 0.0, 
            "name": "TrollyMacTrolol", 
            "img": "http://pbs.twimg.com/profile_images/1860683464/galabru_cigare_normal.JPG"
        }, 
        {
            "centralidad": 0.0, 
            "name": "myrevolutionrus", 
            "img": "http://pbs.twimg.com/profile_images/439767481033695232/0VHqjKbj_normal.jpeg"
        }, 
        {
            "centralidad": 0.0, 
            "name": "atlanticist", 
            "img": "http://pbs.twimg.com/profile_images/2851943242/00b49e851f9ee0e196d2fd77165ab9c5_normal.jpeg"
        }, 
        {
            "centralidad": 0.0, 
            "name": "iam_slimz", 
            "img": "http://pbs.twimg.com/profile_images/438276659259916288/GB1XYQIb_normal.jpeg"
        }, 
        {
            "centralidad": 0.0, 
            "name": "Diplomacy140", 
            "img": "http://pbs.twimg.com/profile_images/437181017304989696/z5fJFkYs_normal.png"
        }, 
        {
            "centralidad": 0.0, 
            "name": "AndriiSpivak", 
            "img": "http://pbs.twimg.com/profile_images/378800000836966058/fb4a044dce5bfbb589b86b0708ab3c15_normal.jpeg"
        }, 
        {
            "centralidad": 0.0, 
            "name": "demalliance", 
            "img": "undefined"
        }, 
        {
            "centralidad": 0.0, 
            "name": "FikEntertainmnt", 
            "img": "http://pbs.twimg.com/profile_images/412541974374137856/t-jM8fYs_normal.jpeg"
        }, 
        {
            "centralidad": 7.3997336095900544e-05, 
            "name": "AndryBatut", 
            "img": "http://pbs.twimg.com/profile_images/423215993511362560/tyYGthU2_normal.png"
        }, 
        {
            "centralidad": 0.0, 
            "name": "NickKristof", 
            "img": "http://pbs.twimg.com/profile_images/418836264482533377/RWo-KBgY_normal.jpeg"
        }, 
        {
            "centralidad": 3.6998668047950272e-05, 
            "name": "UKinSlovenia", 
            "img": "http://pbs.twimg.com/profile_images/378800000729844535/2735620b1f3a3070b4b70dd426fd2de8_normal.jpeg"
        }, 
        {
            "centralidad": 0.0, 
            "name": "Mz_Sahndrah", 
            "img": "http://pbs.twimg.com/profile_images/432769074385657856/fgNeE7HR_normal.jpeg"
        }, 
        {
            "centralidad": 0.0, 
            "name": "Inga009Svitlana", 
            "img": "http://pbs.twimg.com/profile_images/424885901655699456/AQGbRBBP_normal.jpeg"
        }, 
        {
            "centralidad": 0.030338907799319224, 
            "name": "Date360", 
            "img": "undefined"
        }, 
        {
            "centralidad": 0.0, 
            "name": "Chukie_X", 
            "img": "http://pbs.twimg.com/profile_images/442860253924065280/XzAS0h6t_normal.jpeg"
        }, 
        {
            "centralidad": 0.0, 
            "name": "NewelMedia", 
            "img": "http://pbs.twimg.com/profile_images/3212388138/5baf9b858a6b312c426a2ad5370e3685_normal.jpeg"
        }, 
        {
            "centralidad": 0.0, 
            "name": "ridersdoc", 
            "img": "http://pbs.twimg.com/profile_images/1796475974/Klicke_Mario_und_Leo_006_normal.jpg"
        }, 
        {
            "centralidad": 0.0, 
            "name": "BlacklistedNews", 
            "img": "http://pbs.twimg.com/profile_images/378800000603127667/29da5301385f066d2ecee4d88d85f460_normal.png"
        }, 
        {
            "centralidad": 0.0, 
            "name": "informationriot", 
            "img": "http://pbs.twimg.com/profile_images/378800000757841697/8aae3a39d41d36e1fdddd77e49ee215b_normal.png"
        }, 
        {
            "centralidad": 0.0, 
            "name": "Europarl_NL", 
            "img": "http://pbs.twimg.com/profile_images/2943831271/b6631b23a86502fae808ca3efde23d0d_normal.png"
        }, 
        {
            "centralidad": 0.0, 
            "name": "VandammeNathan", 
            "img": "http://pbs.twimg.com/profile_images/420877363627319296/jznKvT0P_normal.jpeg"
        }, 
        {
            "centralidad": 3.6998668047950272e-05, 
            "name": "graetzi", 
            "img": "http://pbs.twimg.com/profile_images/378800000769238427/6fda3b22f360f7c18518615a5e7e285e_normal.jpeg"
        }, 
        {
            "centralidad": 0.0, 
            "name": "usv1980", 
            "img": "http://pbs.twimg.com/profile_images/1231567167/Utkin_S_2006_normal.jpg"
        }, 
        {
            "centralidad": 0.0, 
            "name": "SaschaRMueller", 
            "img": "undefined"
        }, 
        {
            "centralidad": 0.0, 
            "name": "rmadsen54", 
            "img": "http://pbs.twimg.com/profile_images/424377272510840832/io8HHuGE_normal.jpeg"
        }, 
        {
            "centralidad": 0.0, 
            "name": "Prizrak_opery", 
            "img": "http://pbs.twimg.com/profile_images/2155790948/plak1_normal.jpg"
        }, 
        {
            "centralidad": 0.0, 
            "name": "ecrgroup", 
            "img": "undefined"
        }, 
        {
            "centralidad": 3.6998668047950272e-05, 
            "name": "FlyingFish002", 
            "img": "http://pbs.twimg.com/profile_images/378800000450365077/e46515bfd1afc3971230445d458a585a_normal.png"
        }, 
        {
            "centralidad": 0.0, 
            "name": "mashable", 
            "img": "undefined"
        }, 
        {
            "centralidad": 0.0, 
            "name": "twinesocial", 
            "img": "undefined"
        }, 
        {
            "centralidad": 0.0, 
            "name": "dopenaijamusic", 
            "img": "http://pbs.twimg.com/profile_images/378800000529214340/5bf643cf9e9f9a9c0e027b7d51cbf3ca_normal.png"
        }, 
        {
            "centralidad": 0.0, 
            "name": "katrinverty", 
            "img": "http://pbs.twimg.com/profile_images/2776818449/76cd45bd58a9f9dab2bb0683e752abd3_normal.jpeg"
        }, 
        {
            "centralidad": 3.6998668047950272e-05, 
            "name": "Stopcensorship", 
            "img": "http://pbs.twimg.com/profile_images/1016453714/stop_censorship_normal.jpg"
        }, 
        {
            "centralidad": 0.0, 
            "name": "MsFatima_", 
            "img": "http://pbs.twimg.com/profile_images/378800000087730488/f3fc9bf2e43db8161e6721353d56b5a1_normal.jpeg"
        }, 
        {
            "centralidad": 0.0, 
            "name": "joriandrake", 
            "img": "http://pbs.twimg.com/profile_images/442548399724711936/ctFXphir_normal.png"
        }, 
        {
            "centralidad": 0.00055498002071925406, 
            "name": "sovietsoho", 
            "img": "http://abs.twimg.com/sticky/default_profile_images/default_profile_2_normal.png"
        }, 
        {
            "centralidad": 0.0, 
            "name": "LuisRaul70", 
            "img": "http://pbs.twimg.com/profile_images/2300269709/wr3x368okit7jbfosi1j_normal.jpeg"
        }, 
        {
            "centralidad": 0.0, 
            "name": "Chiwizzy_YBNL", 
            "img": "http://pbs.twimg.com/profile_images/433472235316461568/YGIhRfhJ_normal.jpeg"
        }, 
        {
            "centralidad": 0.0, 
            "name": "888i888", 
            "img": "http://pbs.twimg.com/profile_images/378800000087551710/9a9559b7a923ee5ee438bb27bb159a17_normal.jpeg"
        }, 
        {
            "centralidad": 0.0, 
            "name": "rublevskigordg", 
            "img": "http://pbs.twimg.com/profile_images/1638953074/__________________159__2__normal.jpg"
        }, 
        {
            "centralidad": 0.0, 
            "name": "washingtonpost", 
            "img": "undefined"
        }, 
        {
            "centralidad": 0.0, 
            "name": "ultraliberty", 
            "img": "http://pbs.twimg.com/profile_images/3276838290/3d5b5534ffb1f18d331febc910ccc8cc_normal.jpeg"
        }, 
        {
            "centralidad": 0.0, 
            "name": "b_judah", 
            "img": "http://pbs.twimg.com/profile_images/378800000755881981/d3d598902d4bf32d66f7f71d5d9b2f02_normal.jpeg"
        }, 
        {
            "centralidad": 0.0, 
            "name": "agimcorp", 
            "img": "http://pbs.twimg.com/profile_images/1138816704/twitter-agimcorp-100610-01_normal.jpg"
        }, 
        {
            "centralidad": 3.6998668047950272e-05, 
            "name": "BBCWorld", 
            "img": "http://pbs.twimg.com/profile_images/2186836571/128x128_twitter_bbc_world_normal.jpg"
        }, 
        {
            "centralidad": 0.00014799467219180109, 
            "name": "science_boffin", 
            "img": "http://abs.twimg.com/sticky/default_profile_images/default_profile_6_normal.png"
        }, 
        {
            "centralidad": 0.0, 
            "name": "mylord888", 
            "img": "http://pbs.twimg.com/profile_images/440267866492116992/q9RS-nCs_normal.jpeg"
        }, 
        {
            "centralidad": 0.0, 
            "name": "BecharaBchara", 
            "img": "http://pbs.twimg.com/profile_images/420149647009513472/IUh0h6Ex_normal.jpeg"
        }, 
        {
            "centralidad": 0.0, 
            "name": "mannomom", 
            "img": "http://pbs.twimg.com/profile_images/2769300761/473732289ea2c1ebe7c855de337216b4_normal.jpeg"
        }, 
        {
            "centralidad": 0.0, 
            "name": "SlawomirDebski", 
            "img": "http://pbs.twimg.com/profile_images/3763952244/65c90af824afc70464b363c987051bc6_normal.png"
        }, 
        {
            "centralidad": 0.0, 
            "name": "fabifabi10", 
            "img": "http://pbs.twimg.com/profile_images/442817539802791936/-16zJpW8_normal.jpeg"
        }, 
        {
            "centralidad": 0.0, 
            "name": "Roskiddy", 
            "img": "http://pbs.twimg.com/profile_images/378800000646380290/50cf2a22045249d340659fd6e1e43a95_normal.jpeg"
        }, 
        {
            "centralidad": 0.0, 
            "name": "levasc", 
            "img": "http://pbs.twimg.com/profile_images/1330792331/northern_mockingbird_normal.jpg"
        }, 
        {
            "centralidad": 0.0, 
            "name": "Iamkamakazzy", 
            "img": "http://pbs.twimg.com/profile_images/378800000160579905/5fa6eab888d143359dd50a7089c4edd5_normal.jpeg"
        }, 
        {
            "centralidad": 0.0, 
            "name": "Number10gov", 
            "img": "http://pbs.twimg.com/profile_images/378800000729938158/560001968548a813cb25a127d3bd25f2_normal.png"
        }, 
        {
            "centralidad": 0.0, 
            "name": "LevMartin", 
            "img": "http://pbs.twimg.com/profile_images/438745263017320448/LaNAmkqv_normal.jpeg"
        }, 
        {
            "centralidad": 0.0, 
            "name": "anomalyuk", 
            "img": "http://pbs.twimg.com/profile_images/98632136/twitter2_normal.png"
        }, 
        {
            "centralidad": 0.0, 
            "name": "Graham_Bowley", 
            "img": "http://pbs.twimg.com/profile_images/2585136688/iom6x983s5ghql6gilst_normal.jpeg"
        }, 
        {
            "centralidad": 0.0, 
            "name": "jess_hint", 
            "img": "http://pbs.twimg.com/profile_images/2763901036/95c421ef5bb4e98ed26f5af28ad461e3_normal.png"
        }, 
        {
            "centralidad": 0.00014799467219180109, 
            "name": "diponziano", 
            "img": "http://pbs.twimg.com/profile_images/2309041218/4zzv9uhp63s2qzeno2gw_normal.jpeg"
        }, 
        {
            "centralidad": 0.0, 
            "name": "GROOVY53", 
            "img": "http://pbs.twimg.com/profile_images/2845614228/7fffda9768c8873f115b9c8381b838a1_normal.png"
        }, 
        {
            "centralidad": 0.0, 
            "name": "Lynoboss", 
            "img": "http://pbs.twimg.com/profile_images/378800000830600295/b842459ea37a8c59b588ab09c4490249_normal.jpeg"
        }, 
        {
            "centralidad": 0.0, 
            "name": "u_kraine", 
            "img": "http://pbs.twimg.com/profile_images/2329960806/xjtyph78w2768hw04omj_normal.jpeg"
        }, 
        {
            "centralidad": 0.0, 
            "name": "mdpee_1", 
            "img": "http://pbs.twimg.com/profile_images/440037939289280512/szvzwy1L_normal.jpeg"
        }, 
        {
            "centralidad": 0.0, 
            "name": "mdpeee", 
            "img": "http://pbs.twimg.com/profile_images/378800000082081081/579c8a94fa3a56720120313ec6e0091d_normal.jpeg"
        }, 
        {
            "centralidad": 0.0, 
            "name": "carterMs1", 
            "img": "http://pbs.twimg.com/profile_images/378800000073342182/3fb79049b1c166cf81a5520dcc6e984f_normal.jpeg"
        }, 
        {
            "centralidad": 0.0, 
            "name": "ChristopherJM", 
            "img": "http://pbs.twimg.com/profile_images/443079107333484545/2E_rYdWj_normal.jpeg"
        }, 
        {
            "centralidad": 0.0, 
            "name": "noclador", 
            "img": "http://pbs.twimg.com/profile_images/439779280432529408/6rbn8VUa_normal.jpeg"
        }, 
        {
            "centralidad": 0.0, 
            "name": "CbkohutWilton", 
            "img": "http://pbs.twimg.com/profile_images/442317027521601536/5be0tKM2_normal.jpeg"
        }, 
        {
            "centralidad": 0.0, 
            "name": "soyege_gbenga", 
            "img": "http://pbs.twimg.com/profile_images/421158842022776832/HpKXqK4__normal.jpeg"
        }, 
        {
            "centralidad": 0.0, 
            "name": "BSpringnote", 
            "img": "undefined"
        }, 
        {
            "centralidad": 0.0, 
            "name": "YaMadtrix", 
            "img": "http://pbs.twimg.com/profile_images/378800000538848261/aff2786e6a3d1ad812ebb0e4ed3e6218_normal.jpeg"
        }, 
        {
            "centralidad": 0.0, 
            "name": "nuttienuttar", 
            "img": "http://pbs.twimg.com/profile_images/3245105073/536b221625c09396ed688c492d37e97b_normal.jpeg"
        }, 
        {
            "centralidad": 0.0, 
            "name": "Iam_stillz", 
            "img": "http://pbs.twimg.com/profile_images/435879359396986880/TGQtMdE7_normal.jpeg"
        }, 
        {
            "centralidad": 0.0, 
            "name": "tefi_ru", 
            "img": "http://pbs.twimg.com/profile_images/1643915509/114_96643_normal.jpg"
        }, 
        {
            "centralidad": 0.0, 
            "name": "David_Cameron", 
            "img": "http://pbs.twimg.com/profile_images/378800000727563176/908ce43507d150df8da0e71d4b4eb1c7_normal.jpeg"
        }, 
        {
            "centralidad": 0.0, 
            "name": "Finallymonty", 
            "img": "http://pbs.twimg.com/profile_images/378800000591564558/2a59fc1ca55b8f69d565909b6ad922b5_normal.jpeg"
        }, 
        {
            "centralidad": 0.0, 
            "name": "wmirick", 
            "img": "http://pbs.twimg.com/profile_images/3568196778/705ce14fbf53aa653970ba9fd8488303_normal.png"
        }, 
        {
            "centralidad": 0.0, 
            "name": "BarackObama", 
            "img": "undefined"
        }, 
        {
            "centralidad": 0.0, 
            "name": "ThePeoplesCube", 
            "img": "undefined"
        }, 
        {
            "centralidad": 0.0, 
            "name": "outsidethewire2", 
            "img": "http://pbs.twimg.com/profile_images/2356401012/image_normal.jpg"
        }, 
        {
            "centralidad": 0.0, 
            "name": "VisegradFund", 
            "img": "http://pbs.twimg.com/profile_images/1478861418/IVF_normal.jpg"
        }, 
        {
            "centralidad": 0.0, 
            "name": "russ0lan", 
            "img": "http://pbs.twimg.com/profile_images/426042191690338304/L-TiCTYO_normal.jpeg"
        }, 
        {
            "centralidad": 0.0, 
            "name": "magutw", 
            "img": "http://pbs.twimg.com/profile_images/2805766497/51afb881bd2dc376487d8bef0396573e_normal.jpeg"
        }, 
        {
            "centralidad": 0.0, 
            "name": "Russian_Council", 
            "img": "undefined"
        }, 
        {
            "centralidad": 0.0, 
            "name": "Milatrud11", 
            "img": "http://abs.twimg.com/sticky/default_profile_images/default_profile_3_normal.png"
        }, 
        {
            "centralidad": 0.0, 
            "name": "SkyAnushka", 
            "img": "http://pbs.twimg.com/profile_images/419152893216706560/i2RBM0jK_normal.jpeg"
        }, 
        {
            "centralidad": 0.0, 
            "name": "politico", 
            "img": "undefined"
        }, 
        {
            "centralidad": 0.0, 
            "name": "BILD", 
            "img": "undefined"
        }, 
        {
            "centralidad": 0.0, 
            "name": "ronzheimer", 
            "img": "http://pbs.twimg.com/profile_images/378800000794022699/f3d83142318fbe8e3222a22c623339c2_normal.jpeg"
        }, 
        {
            "centralidad": 0.0, 
            "name": "flacqua", 
            "img": "undefined"
        }, 
        {
            "centralidad": 0.0, 
            "name": "BloombergTV", 
            "img": "http://pbs.twimg.com/profile_images/1681030657/Television_tw-red_normal.jpg"
        }, 
        {
            "centralidad": 0.0, 
            "name": "Netzblockierer", 
            "img": "undefined"
        }, 
        {
            "centralidad": 3.6998668047950272e-05, 
            "name": "YoungSocialist", 
            "img": "http://pbs.twimg.com/profile_images/422122721137680384/ccZOCgb1_normal.png"
        }, 
        {
            "centralidad": 0.0, 
            "name": "nordensk", 
            "img": "http://pbs.twimg.com/profile_images/754151030/twitter-logo_normal.png"
        }, 
        {
            "centralidad": 0.0, 
            "name": "Klitschko", 
            "img": "undefined"
        }, 
        {
            "centralidad": 0.0, 
            "name": "antipn", 
            "img": "undefined"
        }, 
        {
            "centralidad": 3.6998668047950272e-05, 
            "name": "kewell1983", 
            "img": "http://pbs.twimg.com/profile_images/434098887058411520/-4BM5ObC_normal.png"
        }, 
        {
            "centralidad": 0.0, 
            "name": "ukinhungary", 
            "img": "http://pbs.twimg.com/profile_images/2844229729/ebaccee9f5313d1518c75d68ff71efab_normal.jpeg"
        }, 
        {
            "centralidad": 0.0, 
            "name": "funkyflyfreshh", 
            "img": "http://pbs.twimg.com/profile_images/2606419483/Screen_20120913_160856_normal.jpg"
        }, 
        {
            "centralidad": 0.0, 
            "name": "tasamaroksolian", 
            "img": "http://pbs.twimg.com/profile_images/1392366592/Jordan_2011_028_normal.jpg"
        }, 
        {
            "centralidad": 0.0, 
            "name": "uajojo", 
            "img": "http://pbs.twimg.com/profile_images/424288340758646784/cgBXPuD3_normal.jpeg"
        }, 
        {
            "centralidad": 0.0, 
            "name": "uacrisis", 
            "img": "http://pbs.twimg.com/profile_images/440839694394208256/Pse_DqSZ_normal.jpeg"
        }, 
        {
            "centralidad": 0.0, 
            "name": "stanleeonyi", 
            "img": "http://pbs.twimg.com/profile_images/3226650905/0317332b51bbef6e548e6a0cc247bd0e_normal.jpeg"
        }, 
        {
            "centralidad": 0.0, 
            "name": "Nascent101", 
            "img": "http://pbs.twimg.com/profile_images/419221639390568448/T4hEU9tX_normal.jpeg"
        }, 
        {
            "centralidad": 0.0, 
            "name": "vicenews", 
            "img": "http://pbs.twimg.com/profile_images/429037242007306242/Vz_lzXaq_normal.png"
        }, 
        {
            "centralidad": 0.0, 
            "name": "BoringOrakul", 
            "img": "http://pbs.twimg.com/profile_images/2645078201/1e5dd6ce473aa015070a889506c5644c_normal.jpeg"
        }, 
        {
            "centralidad": 0.00011099600414385082, 
            "name": "_ajit8_", 
            "img": "http://pbs.twimg.com/profile_images/425733253941964801/Y2sjjB2d_normal.jpeg"
        }, 
        {
            "centralidad": 0.0, 
            "name": "nfelger", 
            "img": "http://pbs.twimg.com/profile_images/1770641309/image1327146522_normal.png"
        }, 
        {
            "centralidad": 0.00022199200828770165, 
            "name": "lachecarlo", 
            "img": "http://pbs.twimg.com/profile_images/443076520488087552/wHLHK89Q_normal.jpeg"
        }, 
        {
            "centralidad": 0.0, 
            "name": "ajit8_", 
            "img": "http://pbs.twimg.com/profile_images/1606051770/7f05bfd7-0f05-405b-88a0-06136b25abb6_normal.png"
        }, 
        {
            "centralidad": 0.0, 
            "name": "stilldharmee", 
            "img": "http://pbs.twimg.com/profile_images/435883571388350464/sM-pr1Wp_normal.jpeg"
        }, 
        {
            "centralidad": 0.0, 
            "name": "TalgatMMM", 
            "img": "http://pbs.twimg.com/profile_images/378800000696933771/d7431eb15dca634c6a7f9b611de88041_normal.jpeg"
        }, 
        {
            "centralidad": 0.0, 
            "name": "giancarlocarpin", 
            "img": "http://pbs.twimg.com/profile_images/1670283231/DSC_0479_normal.JPG"
        }, 
        {
            "centralidad": 0.0, 
            "name": "pwaldieGLOBE", 
            "img": "http://pbs.twimg.com/profile_images/3019033972/d771409e131ece4091f2af1ef3586223_normal.jpeg"
        }, 
        {
            "centralidad": 0.00048098268462335353, 
            "name": "2111015", 
            "img": "http://abs.twimg.com/sticky/default_profile_images/default_profile_3_normal.png"
        }, 
        {
            "centralidad": 0.0027749001035962703, 
            "name": "EuromaidanPR", 
            "img": "http://pbs.twimg.com/profile_images/422390970701729792/qNDNAj9w_normal.jpeg"
        }, 
        {
            "centralidad": 0.0, 
            "name": "Baka_62", 
            "img": "http://pbs.twimg.com/profile_images/378800000549355758/38e09b4bd46d039873a7ce38b48eb75e_normal.jpeg"
        }, 
        {
            "centralidad": 0.0, 
            "name": "hot_jay1", 
            "img": "http://pbs.twimg.com/profile_images/439952828325691392/bXc3vzWl_normal.jpeg"
        }, 
        {
            "centralidad": 0.0, 
            "name": "Marri_SPB", 
            "img": "http://pbs.twimg.com/profile_images/440031897352433664/1V8B_8ZR_normal.jpeg"
        }, 
        {
            "centralidad": 0.0, 
            "name": "OEghosa", 
            "img": "http://pbs.twimg.com/profile_images/378800000594751857/94abfb43f84336b5fab856d719d96b87_normal.jpeg"
        }, 
        {
            "centralidad": 0.0, 
            "name": "JanezPotocnikEU", 
            "img": "http://pbs.twimg.com/profile_images/3184994574/fac905195841250f61f4b0373a7c23cf_normal.jpeg"
        }, 
        {
            "centralidad": 0.0, 
            "name": "lisa_alba", 
            "img": "http://pbs.twimg.com/profile_images/443066585121427456/OjfPNZn7_normal.jpeg"
        }, 
        {
            "centralidad": 0.0, 
            "name": "Alanlsg", 
            "img": "undefined"
        }, 
        {
            "centralidad": 0.0, 
            "name": "GbaGaunPo_oLICE", 
            "img": "http://pbs.twimg.com/profile_images/440015997375107072/QegXuk_U_normal.jpeg"
        }, 
        {
            "centralidad": 0.0, 
            "name": "ajain31", 
            "img": "http://pbs.twimg.com/profile_images/441267596726259712/fAapSS1J_normal.png"
        }, 
        {
            "centralidad": 0.0, 
            "name": "Burnertunes", 
            "img": "http://pbs.twimg.com/profile_images/3156628012/bc2d286df407659bf9175d8db533497e_normal.jpeg"
        }, 
        {
            "centralidad": 0.0, 
            "name": "SilentRev0lt", 
            "img": "http://pbs.twimg.com/profile_images/2432687714/4dkw5wplviti77i9mfbn_normal.jpeg"
        }, 
        {
            "centralidad": 0.0, 
            "name": "McFaul", 
            "img": "http://pbs.twimg.com/profile_images/2165084856/McFaul-mugshot-2_normal.jpg"
        }, 
        {
            "centralidad": 0.0, 
            "name": "LupusLotarius", 
            "img": "http://pbs.twimg.com/profile_images/422145939705303040/QDrG1Ows_normal.jpeg"
        }, 
        {
            "centralidad": 0.0, 
            "name": "mohamza28", 
            "img": "http://pbs.twimg.com/profile_images/378800000792555019/c513f45fba1abce8afc9180bf7a78fa1_normal.jpeg"
        }, 
        {
            "centralidad": 0.0, 
            "name": "daygeedarey", 
            "img": "http://pbs.twimg.com/profile_images/2560655950/344935503_normal.jpg"
        }, 
        {
            "centralidad": 0.0, 
            "name": "TomCoghlan", 
            "img": "undefined"
        }, 
        {
            "centralidad": 0.0, 
            "name": "JoeTwyman", 
            "img": "undefined"
        }, 
        {
            "centralidad": 0.0, 
            "name": "tjscotto", 
            "img": "undefined"
        }, 
        {
            "centralidad": 0.0, 
            "name": "IanCLucas", 
            "img": "undefined"
        }, 
        {
            "centralidad": 0.0, 
            "name": "AlistairBurtMP", 
            "img": "undefined"
        }, 
        {
            "centralidad": 0.0, 
            "name": "FPCThinkTank", 
            "img": "undefined"
        }, 
        {
            "centralidad": 0.0, 
            "name": "Europarl_DE", 
            "img": "http://pbs.twimg.com/profile_images/3248271415/fcdc8d5882d44cc0bc9c8d2500412336_normal.jpeg"
        }, 
        {
            "centralidad": 3.6998668047950272e-05, 
            "name": "algofix", 
            "img": "http://pbs.twimg.com/profile_images/1507860463/image_normal.jpg"
        }, 
        {
            "centralidad": 0.0, 
            "name": "joluchs", 
            "img": "http://pbs.twimg.com/profile_images/2877324826/066d7d42edbcf337864a66e81cb86faa_normal.jpeg"
        }
    ], 
    "edges": [
        {
            "source": 0, 
            "target": 2
        }, 
        {
            "source": 1, 
            "target": 106
        }, 
        {
            "source": 2, 
            "target": 3
        }, 
        {
            "source": 4, 
            "target": 5
        }, 
        {
            "source": 6, 
            "target": 20
        }, 
        {
            "source": 7, 
            "target": 20
        }, 
        {
            "source": 8, 
            "target": 36
        }, 
        {
            "source": 9, 
            "target": 10
        }, 
        {
            "source": 11, 
            "target": 18
        }, 
        {
            "source": 12, 
            "target": 106
        }, 
        {
            "source": 13, 
            "target": 47
        }, 
        {
            "source": 13, 
            "target": 152
        }, 
        {
            "source": 14, 
            "target": 47
        }, 
        {
            "source": 14, 
            "target": 103
        }, 
        {
            "source": 14, 
            "target": 152
        }, 
        {
            "source": 15, 
            "target": 20
        }, 
        {
            "source": 16, 
            "target": 106
        }, 
        {
            "source": 17, 
            "target": 106
        }, 
        {
            "source": 19, 
            "target": 209
        }, 
        {
            "source": 20, 
            "target": 64
        }, 
        {
            "source": 20, 
            "target": 90
        }, 
        {
            "source": 20, 
            "target": 143
        }, 
        {
            "source": 20, 
            "target": 129
        }, 
        {
            "source": 21, 
            "target": 36
        }, 
        {
            "source": 22, 
            "target": 23
        }, 
        {
            "source": 24, 
            "target": 209
        }, 
        {
            "source": 24, 
            "target": 34
        }, 
        {
            "source": 25, 
            "target": 31
        }, 
        {
            "source": 26, 
            "target": 176
        }, 
        {
            "source": 26, 
            "target": 127
        }, 
        {
            "source": 26, 
            "target": 48
        }, 
        {
            "source": 27, 
            "target": 28
        }, 
        {
            "source": 29, 
            "target": 209
        }, 
        {
            "source": 29, 
            "target": 34
        }, 
        {
            "source": 30, 
            "target": 190
        }, 
        {
            "source": 32, 
            "target": 209
        }, 
        {
            "source": 33, 
            "target": 202
        }, 
        {
            "source": 34, 
            "target": 208
        }, 
        {
            "source": 34, 
            "target": 209
        }, 
        {
            "source": 35, 
            "target": 210
        }, 
        {
            "source": 36, 
            "target": 60
        }, 
        {
            "source": 36, 
            "target": 116
        }, 
        {
            "source": 37, 
            "target": 38
        }, 
        {
            "source": 39, 
            "target": 40
        }, 
        {
            "source": 41, 
            "target": 106
        }, 
        {
            "source": 42, 
            "target": 209
        }, 
        {
            "source": 43, 
            "target": 106
        }, 
        {
            "source": 44, 
            "target": 78
        }, 
        {
            "source": 45, 
            "target": 46
        }, 
        {
            "source": 47, 
            "target": 138
        }, 
        {
            "source": 48, 
            "target": 209
        }, 
        {
            "source": 49, 
            "target": 106
        }, 
        {
            "source": 50, 
            "target": 119
        }, 
        {
            "source": 51, 
            "target": 55
        }, 
        {
            "source": 52, 
            "target": 200
        }, 
        {
            "source": 53, 
            "target": 58
        }, 
        {
            "source": 54, 
            "target": 55
        }, 
        {
            "source": 56, 
            "target": 200
        }, 
        {
            "source": 57, 
            "target": 178
        }, 
        {
            "source": 57, 
            "target": 199
        }, 
        {
            "source": 59, 
            "target": 106
        }, 
        {
            "source": 61, 
            "target": 106
        }, 
        {
            "source": 62, 
            "target": 106
        }, 
        {
            "source": 63, 
            "target": 93
        }, 
        {
            "source": 65, 
            "target": 71
        }, 
        {
            "source": 66, 
            "target": 71
        }, 
        {
            "source": 67, 
            "target": 89
        }, 
        {
            "source": 68, 
            "target": 93
        }, 
        {
            "source": 69, 
            "target": 106
        }, 
        {
            "source": 70, 
            "target": 149
        }, 
        {
            "source": 71, 
            "target": 72
        }, 
        {
            "source": 73, 
            "target": 179
        }, 
        {
            "source": 74, 
            "target": 118
        }, 
        {
            "source": 74, 
            "target": 101
        }, 
        {
            "source": 75, 
            "target": 191
        }, 
        {
            "source": 75, 
            "target": 86
        }, 
        {
            "source": 76, 
            "target": 191
        }, 
        {
            "source": 76, 
            "target": 86
        }, 
        {
            "source": 76, 
            "target": 103
        }, 
        {
            "source": 77, 
            "target": 80
        }, 
        {
            "source": 78, 
            "target": 208
        }, 
        {
            "source": 79, 
            "target": 106
        }, 
        {
            "source": 81, 
            "target": 84
        }, 
        {
            "source": 82, 
            "target": 87
        }, 
        {
            "source": 83, 
            "target": 106
        }, 
        {
            "source": 85, 
            "target": 106
        }, 
        {
            "source": 88, 
            "target": 106
        }, 
        {
            "source": 91, 
            "target": 95
        }, 
        {
            "source": 92, 
            "target": 141
        }, 
        {
            "source": 94, 
            "target": 145
        }, 
        {
            "source": 96, 
            "target": 106
        }, 
        {
            "source": 97, 
            "target": 208
        }, 
        {
            "source": 98, 
            "target": 101
        }, 
        {
            "source": 99, 
            "target": 101
        }, 
        {
            "source": 100, 
            "target": 106
        }, 
        {
            "source": 102, 
            "target": 105
        }, 
        {
            "source": 103, 
            "target": 214
        }, 
        {
            "source": 104, 
            "target": 106
        }, 
        {
            "source": 106, 
            "target": 123
        }, 
        {
            "source": 106, 
            "target": 126
        }, 
        {
            "source": 106, 
            "target": 130
        }, 
        {
            "source": 106, 
            "target": 192
        }, 
        {
            "source": 106, 
            "target": 204
        }, 
        {
            "source": 106, 
            "target": 166
        }, 
        {
            "source": 106, 
            "target": 144
        }, 
        {
            "source": 106, 
            "target": 196
        }, 
        {
            "source": 106, 
            "target": 211
        }, 
        {
            "source": 106, 
            "target": 213
        }, 
        {
            "source": 106, 
            "target": 217
        }, 
        {
            "source": 106, 
            "target": 219
        }, 
        {
            "source": 106, 
            "target": 154
        }, 
        {
            "source": 106, 
            "target": 224
        }, 
        {
            "source": 106, 
            "target": 156
        }, 
        {
            "source": 106, 
            "target": 158
        }, 
        {
            "source": 106, 
            "target": 197
        }, 
        {
            "source": 106, 
            "target": 165
        }, 
        {
            "source": 106, 
            "target": 146
        }, 
        {
            "source": 106, 
            "target": 223
        }, 
        {
            "source": 106, 
            "target": 107
        }, 
        {
            "source": 106, 
            "target": 162
        }, 
        {
            "source": 106, 
            "target": 157
        }, 
        {
            "source": 108, 
            "target": 109
        }, 
        {
            "source": 110, 
            "target": 111
        }, 
        {
            "source": 112, 
            "target": 113
        }, 
        {
            "source": 114, 
            "target": 142
        }, 
        {
            "source": 114, 
            "target": 115
        }, 
        {
            "source": 117, 
            "target": 136
        }, 
        {
            "source": 120, 
            "target": 121
        }, 
        {
            "source": 120, 
            "target": 122
        }, 
        {
            "source": 124, 
            "target": 125
        }, 
        {
            "source": 125, 
            "target": 139
        }, 
        {
            "source": 128, 
            "target": 225
        }, 
        {
            "source": 128, 
            "target": 226
        }, 
        {
            "source": 128, 
            "target": 227
        }, 
        {
            "source": 128, 
            "target": 228
        }, 
        {
            "source": 128, 
            "target": 229
        }, 
        {
            "source": 128, 
            "target": 230
        }, 
        {
            "source": 131, 
            "target": 132
        }, 
        {
            "source": 133, 
            "target": 134
        }, 
        {
            "source": 135, 
            "target": 150
        }, 
        {
            "source": 137, 
            "target": 140
        }, 
        {
            "source": 137, 
            "target": 151
        }, 
        {
            "source": 138, 
            "target": 193
        }, 
        {
            "source": 147, 
            "target": 153
        }, 
        {
            "source": 148, 
            "target": 202
        }, 
        {
            "source": 150, 
            "target": 180
        }, 
        {
            "source": 155, 
            "target": 202
        }, 
        {
            "source": 159, 
            "target": 233
        }, 
        {
            "source": 160, 
            "target": 161
        }, 
        {
            "source": 161, 
            "target": 163
        }, 
        {
            "source": 164, 
            "target": 167
        }, 
        {
            "source": 168, 
            "target": 169
        }, 
        {
            "source": 169, 
            "target": 171
        }, 
        {
            "source": 170, 
            "target": 172
        }, 
        {
            "source": 170, 
            "target": 173
        }, 
        {
            "source": 174, 
            "target": 177
        }, 
        {
            "source": 175, 
            "target": 209
        }, 
        {
            "source": 181, 
            "target": 222
        }, 
        {
            "source": 182, 
            "target": 222
        }, 
        {
            "source": 183, 
            "target": 184
        }, 
        {
            "source": 185, 
            "target": 186
        }, 
        {
            "source": 186, 
            "target": 188
        }, 
        {
            "source": 187, 
            "target": 232
        }, 
        {
            "source": 189, 
            "target": 190
        }, 
        {
            "source": 194, 
            "target": 195
        }, 
        {
            "source": 198, 
            "target": 201
        }, 
        {
            "source": 200, 
            "target": 203
        }, 
        {
            "source": 202, 
            "target": 205
        }, 
        {
            "source": 206, 
            "target": 207
        }, 
        {
            "source": 209, 
            "target": 220
        }, 
        {
            "source": 212, 
            "target": 221
        }, 
        {
            "source": 215, 
            "target": 218
        }, 
        {
            "source": 216, 
            "target": 218
        }, 
        {
            "source": 231, 
            "target": 232
        }
    ]
}