{
    "datalabel": {
        "countries_data": [
            {
                "valueCountry": "0.000118523123257", 
                "geo": "46.565,2.55", 
                "name": "FR", 
                "HDI": "0.86", 
                "Population": "60990544"
            }, 
            {
                "valueCountry": "0.000763367935355", 
                "geo": "19.015,-70.729", 
                "name": "DO", 
                "HDI": "0.659636363636", 
                "Population": "9469601"
            }, 
            {
                "valueCountry": "8.90060788181e-06", 
                "geo": "51.11,9.851", 
                "name": "DE", 
                "HDI": "0.882", 
                "Population": "82652369"
            }, 
            {
                "valueCountry": "4.51575635253e-05", 
                "geo": "-10.772,-53.089", 
                "name": "BR", 
                "HDI": "0.683", 
                "Population": "186830759"
            }, 
            {
                "valueCountry": "0.00039633137696", 
                "geo": "52.077,5.389", 
                "name": "NL", 
                "HDI": "0.894272727273", 
                "Population": "1632769"
            }, 
            {
                "valueCountry": "0.000104763856252", 
                "geo": "40.309,-8.058", 
                "name": "PT", 
                "HDI": "0.783181818182", 
                "Population": "10528226"
            }, 
            {
                "valueCountry": "0.000674272649529", 
                "geo": "21.297,-77.781", 
                "name": "CU", 
                "HDI": "0.740818181818", 
                "Population": "11259905"
            }, 
            {
                "valueCountry": "0.00191477799043", 
                "geo": "3.9,-73.076", 
                "name": "CO", 
                "HDI": "0.677", 
                "Population": "4494579"
            }, 
            {
                "valueCountry": "0.000292663653623", 
                "geo": "7.125,-66.166", 
                "name": "VE", 
                "HDI": "0.704727272727", 
                "Population": "26725573"
            }, 
            {
                "valueCountry": "0.000209085004672", 
                "geo": "59.081,-109.433", 
                "name": "CA", 
                "HDI": "0.895090909091", 
                "Population": "32270507"
            }, 
            {
                "valueCountry": "0.000184219932728", 
                "geo": "-30.558,23.121", 
                "name": "ZA", 
                "HDI": "0.612363636364", 
                "Population": "47938663"
            }, 
            {
                "valueCountry": "0.00078929742651", 
                "geo": "19.142,-72.278", 
                "name": "HT", 
                "HDI": "0.425375", 
                "Population": "9296291"
            }, 
            {
                "valueCountry": "0.000293032207302", 
                "geo": "-35.377,-65.167", 
                "name": "AR", 
                "HDI": "0.771545454545", 
                "Population": "38747148"
            }, 
            {
                "valueCountry": "1.28747645502e-05", 
                "geo": "53,-1.6", 
                "name": "GB", 
                "HDI": "0.848636363636", 
                "Population": "60244834"
            }, 
            {
                "valueCountry": "1.99310618558e-05", 
                "geo": "40.227,-3.649", 
                "name": "ES", 
                "HDI": "0.847454545455", 
                "Population": "43397491"
            }, 
            {
                "valueCountry": "5.56453916363e-05", 
                "geo": "32.706,-5.758", 
                "name": "MA", 
                "HDI": "0.540090909091", 
                "Population": "30494991"
            }, 
            {
                "valueCountry": "2.55652821493e-05", 
                "geo": "39.622,-98.606", 
                "name": "US", 
                "HDI": "0.915818181818", 
                "Population": "299846449"
            }, 
            {
                "valueCountry": "8.80352871392e-05", 
                "geo": "23.951,-102.535", 
                "name": "MX", 
                "HDI": "0.734181818182", 
                "Population": "104266392"
            }, 
            {
                "valueCountry": "0.000261708672828", 
                "geo": "18.151,-77.32", 
                "name": "JM", 
                "HDI": "0.697545454545", 
                "Population": "2682469"
            }, 
            {
                "valueCountry": "6.01804907071e-05", 
                "geo": "9.594,8.105", 
                "name": "NG", 
                "HDI": "0.4545", 
                "Population": "141356083"
            }
        ], 
        "countries": [
            "FR", 
            "DO", 
            "DE", 
            "BR", 
            "NL", 
            "PT", 
            "CU", 
            "CO", 
            "VE", 
            "CA", 
            "ZA", 
            "HT", 
            "AR", 
            "GB", 
            "ES", 
            "MA", 
            "US", 
            "MX", 
            "JM", 
            "NG"
        ]
    }, 
    "data": {
        "1990": [
            [
                0, 
                2524, 
                89386, 
                8096, 
                13168, 
                58432, 
                328, 
                1905, 
                4664, 
                55003, 
                2364, 
                445, 
                6463, 
                53814, 
                101098, 
                5628, 
                137225, 
                4897, 
                0, 
                0
            ], 
            [
                454, 
                0, 
                1012, 
                277, 
                2422, 
                11, 
                267, 
                361, 
                18280, 
                2772, 
                0, 
                2406, 
                265, 
                0, 
                15310, 
                0, 
                400348, 
                526, 
                0, 
                0
            ], 
            [
                171594, 
                5084, 
                0, 
                25679, 
                128907, 
                16069, 
                752, 
                2679, 
                4895, 
                179998, 
                14308, 
                896, 
                15674, 
                217030, 
                81569, 
                0, 
                819357, 
                5329, 
                0, 
                0
            ], 
            [
                20435, 
                950, 
                11446, 
                0, 
                3850, 
                23721, 
                88, 
                1728, 
                4323, 
                7303, 
                842, 
                0, 
                34359, 
                1510, 
                13587, 
                0, 
                94936, 
                1695, 
                0, 
                0
            ], 
            [
                34420, 
                578, 
                116092, 
                3535, 
                0, 
                1823, 
                47, 
                425, 
                649, 
                129238, 
                10959, 
                0, 
                943, 
                29646, 
                14050, 
                0, 
                110714, 
                643, 
                0, 
                0
            ], 
            [
                781382, 
                160, 
                92782, 
                274924, 
                7876, 
                0, 
                34, 
                133, 
                71583, 
                160705, 
                20495, 
                0, 
                13551, 
                19912, 
                36264, 
                0, 
                241828, 
                164, 
                0, 
                0
            ], 
            [
                2031, 
                6824, 
                2734, 
                442, 
                315, 
                117, 
                0, 
                1296, 
                10589, 
                1805, 
                835, 
                1203, 
                1427, 
                0, 
                22070, 
                0, 
                848178, 
                3109, 
                1746, 
                0
            ], 
            [
                15050, 
                4697, 
                4218, 
                2223, 
                4954, 
                107, 
                353, 
                0, 
                555580, 
                7842, 
                323, 
                828, 
                2702, 
                4531, 
                12672, 
                0, 
                329299, 
                5446, 
                0, 
                0
            ], 
            [
                3253, 
                14235, 
                1662, 
                1220, 
                1486, 
                14959, 
                431, 
                33123, 
                0, 
                3470, 
                164, 
                2510, 
                1981, 
                2014, 
                32790, 
                0, 
                48475, 
                1706, 
                0, 
                0
            ], 
            [
                16520, 
                3562, 
                9241, 
                970, 
                6537, 
                4263, 
                135, 
                682, 
                981, 
                0, 
                2452, 
                628, 
                796, 
                63591, 
                2259, 
                0, 
                857223, 
                3623, 
                1140, 
                0
            ], 
            [
                2397, 
                242, 
                4059, 
                0, 
                6620, 
                6464, 
                0, 
                49, 
                70, 
                24657, 
                0, 
                0, 
                278, 
                68531, 
                748, 
                0, 
                39944, 
                88, 
                0, 
                0
            ], 
            [
                26253, 
                187210, 
                292, 
                254, 
                273, 
                2, 
                2063, 
                100, 
                1883, 
                39768, 
                0, 
                0, 
                75, 
                0, 
                0, 
                0, 
                259404, 
                479, 
                0, 
                0
            ], 
            [
                10137, 
                2642, 
                4499, 
                28350, 
                1627, 
                304, 
                373, 
                2359, 
                9483, 
                11077, 
                1619, 
                466, 
                0, 
                3524, 
                43347, 
                0, 
                106530, 
                5072, 
                0, 
                0
            ], 
            [
                102335, 
                581, 
                103961, 
                3849, 
                36497, 
                6866, 
                110, 
                991, 
                1881, 
                691521, 
                223205, 
                0, 
                2391, 
                0, 
                62069, 
                0, 
                736741, 
                2291, 
                5569, 
                0
            ], 
            [
                433748, 
                7354, 
                142457, 
                59188, 
                17495, 
                11027, 
                10703, 
                5631, 
                109074, 
                11132, 
                795, 
                1297, 
                229535, 
                38998, 
                0, 
                0, 
                87946, 
                28775, 
                0, 
                0
            ], 
            [
                713987, 
                21, 
                72631, 
                0, 
                115755, 
                395, 
                20, 
                73, 
                1551, 
                16746, 
                592, 
                0, 
                466, 
                9136, 
                134656, 
                0, 
                17885, 
                187, 
                0, 
                0
            ], 
            [
                40260, 
                9115, 
                99835, 
                11806, 
                13767, 
                5467, 
                1186, 
                13478, 
                11639, 
                248347, 
                3906, 
                1607, 
                9992, 
                144480, 
                12308, 
                0, 
                0, 
                231679, 
                4675, 
                0
            ], 
            [
                6305, 
                1737, 
                3437, 
                792, 
                663, 
                62, 
                889, 
                1908, 
                2886, 
                19338, 
                156, 
                306, 
                2332, 
                2266, 
                9745, 
                0, 
                4946785, 
                0, 
                0, 
                0
            ], 
            [
                463, 
                421, 
                701, 
                24, 
                395, 
                8, 
                656, 
                96, 
                220, 
                102133, 
                106, 
                0, 
                27, 
                143472, 
                0, 
                0, 
                384560, 
                117, 
                0, 
                0
            ], 
            [
                2710, 
                42, 
                13230, 
                0, 
                1421, 
                43, 
                11, 
                42, 
                89, 
                3121, 
                8985, 
                0, 
                93, 
                47412, 
                711, 
                0, 
                63702, 
                70, 
                0, 
                0
            ]
        ], 
        "2000": [
            [
                0, 
                3083, 
                106502, 
                8402, 
                18238, 
                92320, 
                169, 
                1797, 
                3657, 
                75234, 
                3135, 
                602, 
                5996, 
                94727, 
                174641, 
                5191, 
                162892, 
                6036, 
                0, 
                0
            ], 
            [
                483, 
                0, 
                4643, 
                102, 
                5735, 
                36, 
                138, 
                338, 
                14294, 
                5152, 
                0, 
                3257, 
                1434, 
                0, 
                36248, 
                0, 
                741080, 
                861, 
                0, 
                0
            ], 
            [
                182688, 
                6209, 
                0, 
                19603, 
                126352, 
                23530, 
                388, 
                2230, 
                3977, 
                177567, 
                23472, 
                1213, 
                9671, 
                265206, 
                160472, 
                0, 
                761583, 
                5928, 
                0, 
                0
            ], 
            [
                21756, 
                1160, 
                23338, 
                0, 
                7966, 
                48343, 
                45, 
                1889, 
                4828, 
                13447, 
                1215, 
                0, 
                32925, 
                21117, 
                28179, 
                0, 
                228924, 
                2435, 
                0, 
                0
            ], 
            [
                36645, 
                706, 
                107095, 
                3508, 
                0, 
                3149, 
                24, 
                341, 
                603, 
                118388, 
                8325, 
                0, 
                810, 
                40297, 
                27629, 
                0, 
                101914, 
                819, 
                0, 
                0
            ], 
            [
                831900, 
                195, 
                129271, 
                213713, 
                9849, 
                0, 
                17, 
                109, 
                54176, 
                155675, 
                18765, 
                0, 
                9046, 
                38831, 
                65690, 
                0, 
                218892, 
                288, 
                0, 
                0
            ], 
            [
                2162, 
                8335, 
                7251, 
                1346, 
                641, 
                387, 
                0, 
                1454, 
                9923, 
                5317, 
                636, 
                1628, 
                2319, 
                0, 
                45738, 
                0, 
                940488, 
                7032, 
                1905, 
                0
            ], 
            [
                16023, 
                5737, 
                8584, 
                4169, 
                9108, 
                354, 
                182, 
                0, 
                617164, 
                18104, 
                246, 
                1121, 
                3622, 
                8420, 
                40145, 
                0, 
                549467, 
                6453, 
                0, 
                0
            ], 
            [
                3463, 
                17386, 
                2950, 
                2167, 
                2190, 
                21660, 
                222, 
                37200, 
                0, 
                8030, 
                125, 
                3397, 
                2600, 
                3742, 
                61587, 
                0, 
                115342, 
                2966, 
                0, 
                0
            ], 
            [
                17588, 
                4351, 
                11647, 
                1256, 
                8342, 
                7099, 
                69, 
                780, 
                964, 
                0, 
                2357, 
                850, 
                1110, 
                72265, 
                4185, 
                0, 
                884509, 
                6052, 
                1397, 
                0
            ], 
            [
                2552, 
                296, 
                5060, 
                0, 
                10820, 
                10850, 
                0, 
                47, 
                65, 
                37282, 
                0, 
                0, 
                264, 
                140911, 
                1483, 
                0, 
                68494, 
                80, 
                0, 
                0
            ], 
            [
                27950, 
                228652, 
                408, 
                15, 
                556, 
                7, 
                1065, 
                99, 
                1683, 
                53872, 
                0, 
                0, 
                86, 
                0, 
                0, 
                0, 
                451880, 
                360, 
                0, 
                0
            ], 
            [
                10793, 
                3227, 
                4732, 
                27597, 
                2071, 
                1007, 
                192, 
                2582, 
                8724, 
                13822, 
                982, 
                630, 
                0, 
                6549, 
                79339, 
                0, 
                134942, 
                6850, 
                0, 
                0
            ], 
            [
                108951, 
                710, 
                111510, 
                4044, 
                44385, 
                9756, 
                57, 
                1026, 
                1635, 
                599727, 
                123926, 
                0, 
                1978, 
                0, 
                118972, 
                0, 
                730382, 
                2855, 
                5042, 
                0
            ], 
            [
                461791, 
                8982, 
                125158, 
                43708, 
                18361, 
                13533, 
                5521, 
                5608, 
                77650, 
                10649, 
                604, 
                1755, 
                130356, 
                54292, 
                0, 
                0, 
                89292, 
                21932, 
                0, 
                0
            ], 
            [
                760148, 
                26, 
                77592, 
                0, 
                155284, 
                1312, 
                10, 
                65, 
                1075, 
                25959, 
                450, 
                0, 
                444, 
                11262, 
                266206, 
                0, 
                37375, 
                167, 
                0, 
                0
            ], 
            [
                42863, 
                11133, 
                109838, 
                13981, 
                20695, 
                7075, 
                612, 
                15068, 
                10159, 
                258262, 
                6982, 
                2175, 
                9364, 
                157880, 
                22987, 
                0, 
                0, 
                366837, 
                6588, 
                0
            ], 
            [
                6712, 
                2122, 
                5867, 
                1261, 
                1346, 
                207, 
                459, 
                2236, 
                3115, 
                42714, 
                119, 
                415, 
                3040, 
                4210, 
                18686, 
                0, 
                9890463, 
                0, 
                0, 
                0
            ], 
            [
                493, 
                514, 
                1269, 
                57, 
                804, 
                26, 
                338, 
                66, 
                126, 
                121721, 
                81, 
                0, 
                25, 
                145889, 
                0, 
                0, 
                596835, 
                88, 
                0, 
                0
            ], 
            [
                2886, 
                51, 
                14877, 
                0, 
                3933, 
                141, 
                6, 
                40, 
                86, 
                10419, 
                6829, 
                0, 
                89, 
                88071, 
                3876, 
                0, 
                145419, 
                32, 
                0, 
                0
            ]
        ], 
        "2010": [
            [
                0, 
                3437, 
                122353, 
                9573, 
                22247, 
                89619, 
                154, 
                1924, 
                3045, 
                96904, 
                6347, 
                818, 
                6995, 
                109132, 
                216807, 
                4897, 
                173251, 
                7183, 
                0, 
                0
            ], 
            [
                4752, 
                0, 
                7137, 
                313, 
                7844, 
                67, 
                125, 
                359, 
                11884, 
                7436, 
                0, 
                4426, 
                962, 
                0, 
                129140, 
                0, 
                934130, 
                1608, 
                0, 
                0
            ], 
            [
                230342, 
                6921, 
                0, 
                16264, 
                121588, 
                26558, 
                353, 
                2204, 
                3377, 
                192485, 
                26137, 
                1648, 
                8416, 
                291019, 
                236914, 
                0, 
                657108, 
                6232, 
                0, 
                0
            ], 
            [
                53971, 
                1293, 
                43843, 
                0, 
                13518, 
                132509, 
                41, 
                2181, 
                4688, 
                19517, 
                2459, 
                0, 
                41330, 
                43260, 
                138710, 
                0, 
                355134, 
                4545, 
                0, 
                0
            ], 
            [
                41473, 
                787, 
                135608, 
                3328, 
                0, 
                3910, 
                22, 
                329, 
                545, 
                123774, 
                16855, 
                0, 
                544, 
                54074, 
                51006, 
                0, 
                82397, 
                1073, 
                0, 
                0
            ], 
            [
                623197, 
                217, 
                106039, 
                138166, 
                14777, 
                0, 
                16, 
                107, 
                44210, 
                165915, 
                44451, 
                0, 
                6070, 
                81603, 
                140455, 
                0, 
                168905, 
                441, 
                0, 
                0
            ], 
            [
                4473, 
                9291, 
                10196, 
                2080, 
                1187, 
                1601, 
                0, 
                1699, 
                9015, 
                10273, 
                707, 
                2213, 
                1556, 
                0, 
                98639, 
                0, 
                1159150, 
                12142, 
                2507, 
                0
            ], 
            [
                25459, 
                6395, 
                12235, 
                6860, 
                13062, 
                637, 
                166, 
                0, 
                785986, 
                46525, 
                273, 
                1523, 
                2431, 
                17697, 
                350280, 
                0, 
                696296, 
                13961, 
                0, 
                0
            ], 
            [
                6030, 
                19380, 
                3211, 
                2873, 
                3355, 
                23862, 
                202, 
                43511, 
                0, 
                12449, 
                189, 
                4616, 
                1745, 
                7865, 
                146371, 
                0, 
                210950, 
                10091, 
                0, 
                0
            ], 
            [
                24551, 
                4850, 
                16314, 
                1589, 
                9241, 
                7182, 
                63, 
                919, 
                893, 
                0, 
                2624, 
                1156, 
                745, 
                79637, 
                5662, 
                0, 
                837071, 
                7965, 
                1839, 
                0
            ], 
            [
                4820, 
                330, 
                8157, 
                1589, 
                12995, 
                10886, 
                0, 
                50, 
                58, 
                44360, 
                0, 
                0, 
                177, 
                232028, 
                2333, 
                0, 
                98393, 
                194, 
                0, 
                0
            ], 
            [
                74920, 
                254875, 
                429, 
                54, 
                1253, 
                4, 
                969, 
                108, 
                1510, 
                71040, 
                0, 
                0, 
                58, 
                0, 
                0, 
                0, 
                640640, 
                943, 
                0, 
                0
            ], 
            [
                12531, 
                3597, 
                7137, 
                29107, 
                2863, 
                1304, 
                174, 
                2986, 
                7862, 
                21770, 
                1988, 
                856, 
                0, 
                13764, 
                275399, 
                0, 
                175408, 
                13735, 
                0, 
                0
            ], 
            [
                697, 
                791, 
                95843, 
                4954, 
                47611, 
                18146, 
                52, 
                1155, 
                1436, 
                647691, 
                263456, 
                0, 
                1327, 
                0, 
                368165, 
                0, 
                732374, 
                3389, 
                6635, 
                0
            ], 
            [
                304900, 
                10012, 
                87686, 
                30779, 
                19675, 
                15640, 
                5024, 
                6188, 
                61010, 
                11798, 
                917, 
                2384, 
                94030, 
                66856, 
                0, 
                0, 
                99463, 
                18928, 
                0, 
                0
            ], 
            [
                897481, 
                29, 
                92784, 
                508, 
                168971, 
                1943, 
                10, 
                66, 
                830, 
                44234, 
                913, 
                0, 
                298, 
                21630, 
                717657, 
                0, 
                66708, 
                234, 
                0, 
                0
            ], 
            [
                52364, 
                12410, 
                110117, 
                23545, 
                24529, 
                6869, 
                556, 
                17587, 
                8939, 
                304122, 
                14136, 
                2956, 
                6284, 
                196634, 
                34971, 
                0, 
                0, 
                740182, 
                8672, 
                0
            ], 
            [
                11412, 
                2365, 
                7137, 
                2683, 
                2902, 
                262, 
                417, 
                2664, 
                2989, 
                67213, 
                240, 
                563, 
                2040, 
                8849, 
                44462, 
                0, 
                12497843, 
                0, 
                0, 
                0
            ], 
            [
                922, 
                573, 
                1255, 
                138, 
                829, 
                26, 
                307, 
                56, 
                82, 
                137278, 
                122, 
                0, 
                17, 
                147476, 
                0, 
                0, 
                738284, 
                126, 
                0, 
                0
            ], 
            [
                5218, 
                57, 
                22431, 
                1120, 
                6352, 
                264, 
                5, 
                43, 
                83, 
                18560, 
                15927, 
                0, 
                60, 
                148459, 
                36259, 
                0, 
                243352, 
                138, 
                0, 
                0
            ]
        ], 
        "2013": [
            [
                0, 
                3490, 
                123751, 
                9688, 
                23561, 
                93781, 
                154, 
                2007, 
                3095, 
                100896, 
                7438, 
                887, 
                7299, 
                139259, 
                216248, 
                4961, 
                179531, 
                8235, 
                0, 
                0
            ], 
            [
                4912, 
                0, 
                7219, 
                317, 
                8569, 
                70, 
                125, 
                374, 
                12078, 
                7742, 
                0, 
                4799, 
                910, 
                0, 
                14291, 
                0, 
                967988, 
                1843, 
                0, 
                0
            ], 
            [
                238107, 
                7028, 
                0, 
                16459, 
                126587, 
                27792, 
                352, 
                2299, 
                3445, 
                200414, 
                30630, 
                1787, 
                8405, 
                311286, 
                240003, 
                0, 
                680925, 
                7145, 
                0, 
                0
            ], 
            [
                55790, 
                1313, 
                44344, 
                0, 
                15058, 
                138664, 
                41, 
                2275, 
                4893, 
                20321, 
                2881, 
                0, 
                43510, 
                53246, 
                126834, 
                0, 
                368006, 
                5211, 
                0, 
                0
            ], 
            [
                42871, 
                799, 
                137157, 
                3368, 
                0, 
                4092, 
                22, 
                343, 
                562, 
                128873, 
                19752, 
                0, 
                515, 
                60414, 
                52615, 
                0, 
                85383, 
                1230, 
                0, 
                0
            ], 
            [
                644206, 
                220, 
                107250, 
                139825, 
                15631, 
                0, 
                16, 
                112, 
                44775, 
                172749, 
                52144, 
                0, 
                5745, 
                90314, 
                137264, 
                0, 
                175027, 
                506, 
                0, 
                0
            ], 
            [
                4624, 
                9435, 
                10312, 
                2105, 
                1286, 
                1675, 
                0, 
                1772, 
                9309, 
                10696, 
                828, 
                2399, 
                1473, 
                0, 
                115078, 
                0, 
                1201164, 
                13920, 
                2697, 
                0
            ], 
            [
                26317, 
                6494, 
                12375, 
                6942, 
                13916, 
                667, 
                165, 
                0, 
                819024, 
                48441, 
                271, 
                1651, 
                2301, 
                26623, 
                359178, 
                0, 
                721533, 
                16005, 
                0, 
                0
            ], 
            [
                6233, 
                19680, 
                3248, 
                2907, 
                3665, 
                24970, 
                201, 
                45402, 
                0, 
                12962, 
                210, 
                5005, 
                1652, 
                8069, 
                155034, 
                0, 
                218596, 
                11569, 
                0, 
                0
            ], 
            [
                25379, 
                4925, 
                16500, 
                1608, 
                9629, 
                7516, 
                63, 
                959, 
                925, 
                0, 
                3075, 
                1253, 
                705, 
                94000, 
                6013, 
                0, 
                867411, 
                9131, 
                1979, 
                0
            ], 
            [
                4982, 
                335, 
                8250, 
                1608, 
                13406, 
                11392, 
                0, 
                52, 
                59, 
                46187, 
                0, 
                0, 
                167, 
                214009, 
                2555, 
                0, 
                101959, 
                222, 
                0, 
                0
            ], 
            [
                77446, 
                258814, 
                434, 
                55, 
                1417, 
                4, 
                966, 
                113, 
                1553, 
                73966, 
                0, 
                0, 
                55, 
                0, 
                0, 
                0, 
                663860, 
                1081, 
                0, 
                0
            ], 
            [
                12953, 
                3653, 
                7219, 
                29456, 
                2982, 
                1365, 
                173, 
                3115, 
                8107, 
                22667, 
                2213, 
                928, 
                0, 
                16055, 
                268129, 
                0, 
                181766, 
                15746, 
                0, 
                0
            ], 
            [
                720, 
                803, 
                96938, 
                5013, 
                48977, 
                18989, 
                52, 
                1205, 
                1473, 
                674371, 
                305660, 
                0, 
                1256, 
                0, 
                381025, 
                0, 
                758919, 
                3885, 
                7139, 
                0
            ], 
            [
                315179, 
                10167, 
                88688, 
                31149, 
                21887, 
                16366, 
                5008, 
                6455, 
                61332, 
                12284, 
                1074, 
                2585, 
                90494, 
                84989, 
                0, 
                0, 
                103068, 
                21700, 
                0, 
                0
            ], 
            [
                927737, 
                29, 
                93844, 
                514, 
                173489, 
                2033, 
                10, 
                69, 
                831, 
                46056, 
                1069, 
                0, 
                282, 
                23080, 
                745674, 
                0, 
                69126, 
                268, 
                0, 
                0
            ], 
            [
                54129, 
                12602, 
                111375, 
                23828, 
                26445, 
                7188, 
                554, 
                18346, 
                9178, 
                316649, 
                16566, 
                3205, 
                5948, 
                222201, 
                38009, 
                0, 
                0, 
                848576, 
                9331, 
                0
            ], 
            [
                11797, 
                2402, 
                7219, 
                2715, 
                3425, 
                274, 
                416, 
                2779, 
                3113, 
                69982, 
                267, 
                610, 
                1931, 
                11039, 
                47441, 
                0, 
                12950828, 
                0, 
                0, 
                0
            ], 
            [
                953, 
                582, 
                1269, 
                140, 
                891, 
                27, 
                306, 
                58, 
                79, 
                142933, 
                135, 
                0, 
                16, 
                145505, 
                0, 
                0, 
                765043, 
                144, 
                0, 
                0
            ], 
            [
                5394, 
                58, 
                22687, 
                1133, 
                7002, 
                276, 
                5, 
                45, 
                86, 
                19325, 
                18659, 
                0, 
                57, 
                184314, 
                36885, 
                0, 
                252172, 
                158, 
                0, 
                0
            ]
        ]
    }
}