{
    "nodes": [
        {
            "name": "Vino"
        },
        {
            "name": "ISBN"
        },
        {
            "name": "Digital object identifier"
        },
        {
            "name": "Jancis Robinson"
        },
        {
            "name": "International Standard Serial Number"
        },
        {
            "name": "Annals of Internal Medicine"
        },
        {
            "name": "EE. UU."
        },
        {
            "name": "Idioma ingl\u00e9s"
        },
        {
            "name": "Medicina"
        },
        {
            "name": "ISSN"
        },
        {
            "name": "Revista m\u00e9dica"
        },
        {
            "name": "Biomedicina"
        },
        {
            "name": "Revista cient\u00edfica"
        },
        {
            "name": "Salud P\u00fablica"
        },
        {
            "name": "Revisi\u00f3n por pares"
        },
        {
            "name": "Salud"
        },
        {
            "name": "Arbitraje (ciencia)"
        },
        {
            "name": "Originalidad"
        },
        {
            "name": "Rigor cient\u00edfico"
        },
        {
            "name": "Rigor"
        },
        {
            "name": "Absolutismo"
        },
        {
            "name": "Religi\u00f3n"
        },
        {
            "name": "Doble moral"
        },
        {
            "name": "Falsacionismo"
        },
        {
            "name": "Galileo"
        },
        {
            "name": "Galileo Galilei"
        },
        {
            "name": "Universidad de San Andr\u00e9s"
        },
        {
            "name": "Escocia"
        },
        {
            "name": "Bartolom\u00e9 Esteban Murillo"
        },
        {
            "name": "Diccionario de filosof\u00eda de Ferrater Mora"
        },
        {
            "name": "Jos\u00e9 Ferrater Mora"
        },
        {
            "name": "La Habana"
        },
        {
            "name": "1939"
        },
        {
            "name": "1991"
        },
        {
            "name": "M\u00e9xico, D. F."
        },
        {
            "name": "Bandera de Distrito Federal"
        },
        {
            "name": "Escudo de Distrito Federal"
        },
        {
            "name": "Organizaci\u00f3n territorial de M\u00e9xico"
        },
        {
            "name": "M\u00e9xico"
        },
        {
            "name": "Apodo"
        },
        {
            "name": "DRAE"
        },
        {
            "name": "Alias"
        },
        {
            "name": "Apellido"
        },
        {
            "name": "Ep\u00edteto"
        },
        {
            "name": "Nombre"
        },
        {
            "name": "Antroponimia"
        },
        {
            "name": "Nombre (desambiguaci\u00f3n)"
        },
        {
            "name": "Designaci\u00f3n"
        },
        {
            "name": "Iconolog\u00eda"
        },
        {
            "name": "Iconograf\u00eda"
        }
    ],
    "edges": [
        {
            "source": 29,
            "target": 33,
            "weight": 1
        },
        {
            "source": 29,
            "target": 32,
            "weight": 1
        },
        {
            "source": 14,
            "target": 16,
            "weight": 1
        },
        {
            "source": 5,
            "target": 7,
            "weight": 1
        },
        {
            "source": 5,
            "target": 6,
            "weight": 1
        },
        {
            "source": 19,
            "target": 22,
            "weight": 1
        },
        {
            "source": 34,
            "target": 35,
            "weight": 1
        },
        {
            "source": 39,
            "target": 43,
            "weight": 1
        },
        {
            "source": 14,
            "target": 7,
            "weight": 1
        },
        {
            "source": 29,
            "target": 31,
            "weight": 1
        },
        {
            "source": 44,
            "target": 46,
            "weight": 1
        },
        {
            "source": 29,
            "target": 30,
            "weight": 1
        },
        {
            "source": 5,
            "target": 9,
            "weight": 1
        },
        {
            "source": 39,
            "target": 41,
            "weight": 1
        },
        {
            "source": 0,
            "target": 2,
            "weight": 1
        },
        {
            "source": 19,
            "target": 23,
            "weight": 1
        },
        {
            "source": 0,
            "target": 1,
            "weight": 1
        },
        {
            "source": 14,
            "target": 18,
            "weight": 1
        },
        {
            "source": 25,
            "target": 28,
            "weight": 1
        },
        {
            "source": 44,
            "target": 45,
            "weight": 1
        },
        {
            "source": 39,
            "target": 44,
            "weight": 1
        },
        {
            "source": 39,
            "target": 40,
            "weight": 1
        },
        {
            "source": 14,
            "target": 17,
            "weight": 1
        },
        {
            "source": 10,
            "target": 14,
            "weight": 1
        },
        {
            "source": 25,
            "target": 26,
            "weight": 1
        },
        {
            "source": 5,
            "target": 10,
            "weight": 1
        },
        {
            "source": 14,
            "target": 15,
            "weight": 1
        },
        {
            "source": 0,
            "target": 5,
            "weight": 1
        },
        {
            "source": 10,
            "target": 11,
            "weight": 1
        },
        {
            "source": 19,
            "target": 20,
            "weight": 1
        },
        {
            "source": 34,
            "target": 39,
            "weight": 1
        },
        {
            "source": 34,
            "target": 36,
            "weight": 1
        },
        {
            "source": 25,
            "target": 29,
            "weight": 1
        },
        {
            "source": 44,
            "target": 48,
            "weight": 1
        },
        {
            "source": 0,
            "target": 4,
            "weight": 1
        },
        {
            "source": 19,
            "target": 24,
            "weight": 1
        },
        {
            "source": 34,
            "target": 37,
            "weight": 1
        },
        {
            "source": 39,
            "target": 42,
            "weight": 1
        },
        {
            "source": 5,
            "target": 8,
            "weight": 1
        },
        {
            "source": 44,
            "target": 47,
            "weight": 1
        },
        {
            "source": 34,
            "target": 38,
            "weight": 1
        },
        {
            "source": 44,
            "target": 49,
            "weight": 1
        },
        {
            "source": 29,
            "target": 34,
            "weight": 1
        },
        {
            "source": 0,
            "target": 3,
            "weight": 1
        },
        {
            "source": 19,
            "target": 21,
            "weight": 1
        },
        {
            "source": 10,
            "target": 13,
            "weight": 1
        },
        {
            "source": 25,
            "target": 27,
            "weight": 1
        },
        {
            "source": 10,
            "target": 12,
            "weight": 1
        },
        {
            "source": 25,
            "target": 1,
            "weight": 1
        },
        {
            "source": 10,
            "target": 8,
            "weight": 1
        }
    ]
}